Date,Albania,Algeria,Angola,Argentina,Australia,Austria,Azerbaijan,Bahrain,Bangladesh,Barbados,Belarus,Belize,Benin,Bolivia,Brazil,Brunei,Bulgaria,Cameroon,Canada,Chad,Chile,China,Colombia,Congo,Cote d'Ivoire,Croatia,Cuba,Czechia,Czechoslovakia,Democratic Republic of Congo,Denmark,East Timor,Ecuador,Egypt,France,Gabon,Georgia,Germany,Ghana,Greece,Guatemala,Hungary,India,Indonesia,Iran,Iraq,Israel,Italy,Japan,Jordan,Kazakhstan,Kuwait,Kyrgyzstan,Libya,Lithuania,Low-income countries,Malaysia,Mauritania,Mexico,Mongolia,Morocco,Myanmar,Netherlands,New Zealand,Niger,Nigeria,Norway,Oman,Pakistan,Papua New Guinea,Persian Gulf (Shift),Peru,Philippines,Poland,Qatar,Romania,Russia,Saudi Arabia,Serbia,Slovakia,Slovenia,South Africa,South Sudan,Spain,Sudan,Suriname,Sweden,Syria,Taiwan,Tajikistan,Thailand,Trinidad and Tobago,Tunisia,Turkey,Turkmenistan,Ukraine,United Arab Emirates,United Kingdom,United States,Uzbekistan,Venezuela,Vietnam,World,Yemen,Yugoslavia,Total
12/31/1900,0,0,0,0,0,0,,0,0,0,,,,0,0,0,0,0,1.41886,,0,0,0,0,0,,0,,0,0,0,,0,0,0,0,,0.5815,0,0,0,0.02326,1.67472,3.61693,0,0,0,0.02326,1.32582,,,0,,0,,0,0,,0,0,0,0,0,0,,0,0,0,0,,0,0.44194,0,4.03561,0,2.88424,120.27746,0,,,,,,0,,0,0,0,0,,0,0,0,0,,,0,0,98.64566,,0,,234.94926,,0,469.89852
12/31/1901,0,0,0,0,0,0,,0,0,0,,,,0,0,0,0,0,1.17463,,0,0,0,0,0,,0,,0,0,0,,0,0,0,0,,0.51172,0,0,0,0.03489,2.22133,6.44302,0,0,0,0.02326,1.68635,,,0,,0,,0,0,,0.02326,0,0,0,0,0,,0,0,0,0,,0,0.45357,0,4.71015,0,3.46574,134.48932,0,,,,,,0,,0,0,0,0,,0,0,0,0,,,0,0,107.60076,,0,,262.838,,0,525.676
12/31/1902,0,0,0,0,0,0.01163,,0,0,0,,,,0,0,0,0,0,0.82573,,0,0,0,0,0,,0,,0,0,0,,0,0,0,0,,0.5815,0,0,0,0.04652,2.51208,3.90768,0,0,0,0.03489,1.82591,,,0,,0,,0,0,,0.05815,0,0,0,0,0,,0,0,0,0,,0,0.37216,0,6.05923,0,3.76812,127.74392,0,,,,,,0,,0,0,0,0,,0,0,0,0,,,0,0,137.64105,,0,,285.38858,,0,570.77715
12/31/1903,0,0,0,0,0,0.01163,,0,0,0,,,,0,0,0,0,0,0.75595,,0,0,0,0,0,,0,,0,0,0,,0,0,0,0,,0.73269,0,0,0,0.03489,3.89605,9.25748,0,0,0,0.02326,1.46538,,,0,,0,,0,0,,0.1163,0,0,0,0,0,,0,0,0,0,,0,0.43031,0,7.82699,0,4.79156,119.91693,0,,,,,,0,,0,0,0,0,,0,0,0,0,,,0,0,155.78384,,0,,305.04327,,0,610.08653
12/31/1904,0,0,0,0,0,0.01163,,0,0,0,,,,0,0,0,0,0,0.86062,,0,0,0,0,0,,0,,0,0,0,,0,0,0,0,,1.0467,0,0,0,0.02326,5.24513,10.44374,0,0,0,0.04652,2.15155,,,0,,0,,0,0,,0.22097,0,0,0,0,0,,0,0,0,0,,0,0.45357,0,9.58312,0,6.17553,124.72012,0,,,,,,0,,0,0,0,0,,0,0,0,0,,,0,0,181.55592,,0,,342.5384,,0,685.07678
12/31/1905,0,0,0,0,0,0.01163,,0,0,0,,,,0,0,0,0,0,0.98855,,0,0,0,0,0,,0,,0,0,0,,0,0,0,0,,0.91877,0,0,0,0.05815,6.40813,12.59529,0,0,0,0.06978,2.04688,,,0,,0,,0,0,,0.41868,0,0,0,0,0,,0,0,0,0,,0,0.5815,0,9.23422,0,7.93166,86.73654,0,,,,,,0,,0,0,0,0,,0,0,0,0,,,0,0,208.89806,,0,,336.89783,,0,673.79567
12/31/1906,0,0,0,0,0,0.01163,,0,0,0,,,,0,0,0,0,0,0.88388,,0,0,0,0,0,,0,,0,0,0,,0,0,0,0,,0.94203,0,0,0,0.03489,6.23368,13.1419,0.01163,0,0,0.08141,2.65164,,,0,,0,,0,0,,0.83736,0,0,0,0,0,,0,0,0,0,,0.01163,0.82573,0,8.57131,0,11.29273,93.87736,0,,,,,,0,,0,0,0,0,,0,0,0,0,,,0,0,196.15158,,0,,335.54877,,0,671.10916
12/31/1907,0,0,0,0,0,0.01163,,0,0,0,,,,0,0,0,0,0,1.22115,,0,0,0,0,0,,0,,0,0,0,,0,0,0,0,,1.23278,0,0,0,0.02326,6.73377,16.02614,0,0,0,0.09304,3.11684,,,0,,0,,0,0,,1.79102,0,0,0,0,0,,0,0,0,0,,0,1.163,0,13.09538,0,13.35124,99.48302,0,,,,,,0,,0,0,0,0,,0,0,0,0,,,0,0,257.55798,,0,,414.90024,,0,829.80049
12/31/1908,0,0,0,0.02326,0,0.02326,,0,0,0,,,,0,0,0,0,0,0.8141,,0,0,0,0,0,,0,,0,0,0,,0,0,0,0,,1.63983,0,0,0,0.02326,7.82699,16.5146,0,0,0,0.08141,3.20988,,,0,,0,,0,0,,6.5128,0,0,0,0,0,,0,0,0,0,,0,1.46538,0,19.98034,0,13.24657,100.33201,0,,,,,,0,,0,0,0,0,,0,0,0,0,,,0,0,276.8405,,0,,448.5342,,0,897.06839
12/31/1909,0,0,0,0.03489,0,0.02326,,0,0,0,,,,0,0,0,0,0,0.65128,,0,0,0,0,0,,0,,0,0,0,,0,0,0,0,,1.59331,0,0,0,0.03489,10.3507,17.72412,0,0,0,0.06978,3.11684,,,0,,0,,0,0,,4.652,0,0,0,0,0,,0,0,0,0,,0,2.18644,0,24.26018,0,15.77028,106.71688,0,,,,,,0,,0,0,0,0,,0,0.09304,0,0,,,0,0,284.0395,,0,,471.31738,,0,942.63477
12/31/1910,0,0,0,0.03489,0,0.02326,,0,0,0,,,,0,0,0,0,0,0.48846,,0,0,0,0,0,,0,,0,0,0,,0,0,0,0,,1.6282,0,0,0,0.03489,9.51334,17.71249,0,0,0,0.08141,2.98891,,,0,,0,,0,0,,6.0476,0,0,0,0,0,,0,0,0,0,,0,1.95384,0,20.53858,0,15.43301,110.96183,0,,,,,,0,,0,0,0,0,,0,0.24423,0,0,,,0,0,324.95383,,0,,512.6388,,0,1025.27757
12/31/1911,0,0,0,0.02326,0,0.01163,,0,0,0,,,,0,0,0,0,0,0.45357,,0,0,0,0,0,,0,,0,0,0,,0,0.03489,0,0,,1.59331,0,0,0,0.02326,10.0018,19.43373,0.51172,0,0,0.1163,3.2564,,,0,,0,,0,0,,21.79462,0,0,0,0,0,,0,0,0,0,,0.51172,2.26785,0,16.95654,0,18.89875,105.30965,0,,,,,,0,,0,0,0,0,,0,0.47683,0,0,,,0,0,341.84058,,0,,543.0047,,0,1086.52111
12/31/1912,0,0,0,0.08141,0,0.01163,,0,0,0,,,,0,0,0,0,0,0.37216,,0,0,0,0,0,,0,,0,0,0,,0,0.32564,0,0,,1.57005,0,0,0,0.03489,11.03687,17.66597,0.95366,0,0,0.08141,2.72142,,,0,,0,,0,0.06978,,25.67904,0,0,0,0,0,,0,0,0,0,,0.95366,2.72142,0,13.30472,0,22.08537,106.58895,0,,,,,,0,,0,0,0,0,,0,0.74432,0,0,,,0,0,345.70175,,0,,551.7505,,0,1104.45462
12/31/1913,0,0,0,0.22097,0,0.01163,,0,0,0,,,,0,0,0,0,0,0.3489,,0,0,0,0,0,,0,,0,0,0,,0,0.15119,0.63965,0,,1.40723,0,0,0,0.02326,12.29291,17.74738,3.23314,0,0,0.08141,3.17499,,,0,,0,,0,0.2326,,40.20491,0,0,0,0,0,,0,0,0,0,,3.23314,3.20988,0,12.95582,0,21.49224,104.79793,0,,,,,,0,,0,0,0,0,,0,0.84899,0,0,,,0,0,385.25537,,0,,608.3304,,0,1219.89394
12/31/1914,0,0,0,0.4652,0,0.01163,,0,0,0,,,,0,0,0,0,0,0.33727,,0,0,0,0,0,,0,,0.02326,0,0,,0,1.163,0,0,,1.2793,0,0,0,0.04652,11.47881,18.24747,4.44266,0,0,0.06978,4.31473,,,0,,0,,0,0.53498,,32.85475,0,0,0,0,0,,0,0,0,0,,4.44266,2.98891,0,10.19951,0,21.0503,103.8559,0,,,,,,0,,0,0,0,0,,0,1.09322,0,0,,,0,0,412.10904,,0.02326,,626.58954,,0,1257.6217
12/31/1915,0,0,0,0.86062,0,0.01163,,0,0,0,,,,0,0,0,0,0,0.33727,,0,0,0,0,0,,0,,0.04652,0,0,,0,0.3489,0,0,,1.15137,0,0,0,0.08141,12.72322,18.58474,5.31491,0,0,0.06978,4.79156,,,0,,0,,0,0.65128,,51.03244,0,0,0,0,0,,0,0,0,0,,5.31491,4.22169,0,8.82717,0,18.46844,107.82173,0,,,,,,0,,0,0,0,0,,0,1.26767,0,0,,,0,0,435.8924,,0.05815,,672.5629,,0,1350.44071
12/31/1916,0,0.01163,0,1.46538,0,0,,0,0,0,,,,0,0,0,0,0,0.30238,,0,0,0,0,0,,0,,0.05815,0,0,,0,0.67454,0,0,,1.08159,0,0,0,0.06978,13.16516,20.1199,7.60602,0,0,0.08141,4.84971,,,0,,0,,0,1.05833,,62.98808,0,0,0,0,0,,0,0,0,0,,7.60602,4.23332,0,10.42048,0,10.45537,114.79973,0,,,,,,0,,0,0,0,0,,0,1.57005,0,0,,,0,0,466.363,,0.1163,,721.4903,,0,1450.58663
12/31/1917,0,0.01163,0,2.05851,0,0,,0,0,0,,,,0,0,0,0,0,0.33727,,0,0,0,0,0,,0,,0.10467,0,0,,0.09304,1.59331,0,0,,1.05833,0,0,0,0.10467,12.52551,20.82933,10.60656,0,0,0.06978,4.68689,,,0,,0,,0,0.90714,,95.97076,0,0,0,0,0,,0,0,0,0,,10.60656,4.03561,0,9.38541,0,8.42012,101.84391,0,,,,,,0,,0,0,0,0,,0,2.70979,0,0,,,0,0,519.9773,,0.20934,,797.5389,,0,1605.68434
12/31/1918,0,0.01163,0,2.27948,0,0,,0,0,0,,,,0,0,0,0,0,0.47683,,0,0,0,0,0,,0,,0.09304,0,0,,0.09304,3.27966,0.60476,0,,0.44194,0,0,0,0,12.40921,20.51532,13.07212,0,0,0.05815,4.00072,,,0,,0,,0,0.84899,,110.55478,0,0,0,0,0,,0,0,0,0,,13.07212,3.89605,0,8.98999,0,11.26947,42.9147,0,,,,,,0,,0,0,0,0,,0,3.52389,0,0,,,0,0,551.9249,,0.55824,,791.8169,,0,1596.70593
12/31/1919,0,0.01163,0,2.24459,0,0,,0,0,0,,,,0,0,0,0,0,0.37216,,0,0,0,0,0,,0,,0.08141,0,0,,0.09304,2.60512,0.55824,0,,0.43031,0,0,0,0,13.53732,25.1208,16.37504,0,0,0.05815,3.66345,,,0,,0,,0,1.00018,,150.77132,0,0,0,0,0,,0,0,0,0,,16.37504,4.05887,0,9.67616,0,9.95528,51.60231,0,,,,,,0,,0,0,0,0,,0,3.11684,0,0,,,0,0,605.9114,,0.53498,,901.77856,,0,1819.9322
12/31/1920,0,0.01163,0,2.77957,0,0,,0,0,0,,,,0,0,0,0,0,0.30238,,0,0,0,0,0,,0,,0.1163,0,0,,0.09304,1.72124,0.63965,0,,0.40705,0,0,0,0,13.6071,27.50495,20.60836,0,0,0.05815,3.64019,,,0,,0,,0,1.70961,,283.8883,0,0,0,0,0,,0,0,0,0,,20.60836,4.33799,0,8.89695,0,12.89767,45.357,0,,,,,,0,,0,0,0,0,,0,3.52389,0,0,,,0,0,722.4789,,0.80247,,1155.3823,,0,2331.37305
12/31/1921,0,0,0,3.51226,0,0,,0,0,0,,,,0,0,0,0,0,0.31401,,0,0,0.1163,0,0,,0,,0.16282,0,0,,0.09304,2.12829,0.65128,0,,0.44194,0,0,0,0,14.74684,27.43517,27.50495,0,0,0.04652,3.46574,,,0,,0,,0,2.36089,,337.01413,0,0,0,0,0,,0,0,0,0,,27.50495,5.68707,0,8.19915,0,13.58384,44.194,0,,,,,,0,,0,0,0,0,,0,3.97746,0,0,,,0,0,752.67035,,2.53534,,1250.8414,,0,2529.18774
12/31/1922,0,0.01163,0,5.10557,0,0,,0,0,0,,,,0,0,0,0,0,0.30238,,0,0,0.53498,0,0,,0,,0.20934,0,0,,0.09304,2.01199,0.8141,0,,0.48846,0,0,0,0,14.39794,27.70266,34.97141,0,0,0.04652,3.31455,,,0,,0,,0,4.7683,,317.63855,0,0,0,0,0,,0,0,0,0,,34.97141,8.15263,0,8.29219,0,15.96799,54.661,0,,,,,,0,,0,0,0,0,,0,4.14028,0,0,,,0,0,888.7064,,3.89605,,1396.228,,0,2827.42737
12/31/1923,0,0.01163,0,5.78011,0,0,,0,0,0,,,,0,0,0,0,0,0.29075,,0,0,0.70943,0,0,,0,,0.12793,0,0,,0.13956,1.77939,0.8141,0,,0.59313,0,0,0,0,14.1886,32.94779,43.89162,0,0,0.05815,2.91913,,,0,,0,,0,6.59421,,264.04752,0,0,0,0,0,,0,0,0,0,,43.89162,8.74576,0,8.57131,0,17.58456,61.639,0,,,,,,0,,0,0,0,0,,0,5.15209,0,0,,,0,0,1167.3147,,7.43157,,1651.332,,0,3346.55566
12/31/1924,0,0.02326,0,7.87351,0,0,,0,0,0,,,,0,0,0,0,0,0.26749,,0,0,0.74432,0,0,,0,,0.12793,0,0,,0.16282,1.89569,0.86062,0,,0.68617,0,0,0,0,14.21186,34.02938,51.20689,0,0,0.05815,2.93076,,,0,,0,,0,7.00126,,248.49821,0,0,0,0,0,,0,0,0,0,,51.20689,12.16498,0,8.96673,0,21.6318,70.943,0,,,,,,0,,0,0,0,0,,0,6.85007,0,0,,,0,0,1140.0192,,15.51442,,1646.6685,,0,3344.54391
12/31/1925,0,0.02326,0,10.31581,0,0,,0,0,0,,,,0,0,0,0,0,0.55824,,0,0,1.67472,0,0,,0,,0.27912,0,0,,0.26749,2.0934,0.75595,0,,0.91877,0,0,0,0,13.96763,35.65758,53.83527,0,0,0.09304,3.09358,,,0,,0,,0,7.12919,,204.99039,0,0,0,0,0,,0,0,0,0,,53.83527,14.1886,0,9.44356,0,26.94671,82.573,0,,,,,,0,,0,0,0,0,,0,7.40831,0,0,,,0,0,1216.7539,,33.54092,,1726.5084,,0,3506.85211
12/31/1926,0,0.01163,0,13.32798,0,0,,0,0,0,,,,0,0,0,0,0,0.54661,,0,0.02326,10.6996,0,0,,0,,0.25586,0,0,,0.3489,2.01199,0.77921,0,,1.10485,0,0,0,0,12.793,35.11097,57.09167,0,0,0.05815,2.88424,,,0,,0,,0,8.29219,,160.00554,0,0,0,0,0,,0,0,0,0,,57.09167,16.22385,0,9.25748,0,37.72772,96.529,0,,,,,,0,,0,0,0,0,,0,8.04796,0,0,,,0,0,1238.2926,,60.56904,,1771.9933,,0,3601.07827
12/31/1927,0,0.01163,0,14.61891,0,0,,0,0,0,,,,0,0,0,0,0,0.70943,,0,0.03489,24.93472,0,0,,0,,0.19771,0,0,,0.88388,2.15155,0.84899,0,,1.12811,0,0,0,0,13.00234,42.96122,63.31372,0.52335,0,0.06978,2.88424,,,0,,0,,0,8.28056,,113.13664,0,0,0,0,0,,0,0,0,0,,63.83707,16.11918,0,8.40849,0,42.67047,119.789,0,,,,,,0,,0,0,0,0,,0,8.71087,0,0,,,0,0,1436.1422,,101.58805,,2023.1199,,0,4110.0769
12/31/1928,0,0.01163,0,15.32834,0,0,,0,0,0.01163,,,,0.01163,0,0,0,0,0.9304,,0,0.03489,33.04083,0,0,,0,,0.16282,0,0,,1.79102,3.11684,0.86062,0,,1.06996,0,0,0,0,2.00036,50.10204,67.02369,1.09322,0,0.06978,3.03543,,,0,,0,,0,8.73413,,83.54992,0,0,11.96727,0,0,,0,0,0,0,,68.11691,18.51496,0,8.64109,0,49.79966,134.908,0,,,,,,0,,0,0,0,0,,0,13.24657,0,0,,,0,0,1437.375,,178.15997,,2124.5916,,0,4317.30021
12/31/1929,0,0.03489,0,15.84006,0,0,,0,0,0.01163,,,,0.03489,0,0,0,0,1.67472,,0,0.04652,33.85493,0,0,,0,,0.16282,0,0,,2.27948,3.16336,0.87225,0,,1.19789,0,0,0,0,2.40741,60.92957,64.53487,1.40723,0,0.06978,3.23314,,,0,,0,,0,8.8388,,74.44363,0,0,11.56022,0,0,,0,0,0,0,,65.9421,20.66651,0,7.85025,0,56.25431,159.331,0,,,,,,0,,0,0,0,0,,0,14.15371,0,0,,,0,0,1606.1495,,230.72757,,2381.731,,0,4829.40404
12/31/1930,0,0.02326,0,15.17715,0,0,,0,0,0.02326,,,,0.04652,0,0,0,0,2.27948,,0,0.5815,32.35466,0,0,,0,,0.26749,0,0,,2.57023,3.31455,0.88388,0,,2.02362,0,0,0,0,2.48882,58.51053,70.18705,1.40723,0,0.09304,3.27966,,,0,,0,,0,8.12937,,65.84906,0,0,11.69978,0,0,,0,0,0,0,,71.59428,19.25928,0,7.71069,0,67.36096,215.155,0,,,,,,0,,0,0,0,0,,0,15.29345,0,0,,,0,0,1431.8507,,233.4141,,2271.2344,,0,4614.063
12/31/1931,0,0.01163,0,19.21276,0,0,,0,0,0.01163,,,,0.02326,0,0.04652,0,0,2.30274,,0,0.70943,28.88892,0,0,,0,,0.2326,0,0,,2.9075,3.36107,0.86062,0,,2.66327,0,0,0,0,2.7912,53.47474,67.95409,1.3956,0,0.18608,3.17499,,,0,,0,,0,6.15227,,55.04479,0,0,11.12991,0,0.01163,,0,0,0,0,,69.34969,15.5842,0,7.33853,0,78.57228,260.512,0,,,,,,0,,0,0,0,0,,0,15.94473,0,0,,,0,0,1357.0233,,199.98949,,2197.5117,,0,4464.37317
12/31/1932,0,0.01163,0,21.80625,0,0,,0,0,0.01163,,,,0.05815,0,2.08177,0,0,1.55842,,0,0.8141,26.01631,0,0,,0,,0.22097,0,0,,2.64001,3.15173,0.87225,0,,2.6749,0,0,0,0,2.77957,58.95247,76.16487,1.41886,0,0.31401,2.62838,,,0,,0,,0,3.96583,,54.64937,0,0,11.29273,0,0.01163,,0,0,0,0,,77.58373,15.27019,0,6.47791,0,85.45724,248.882,0,,,,,,0,,0,0,0,0,,0,16.57275,0,0,,,0,0,1251.9114,,198.71017,,2097.3774,,0,4272.33863
12/31/1933,0.02326,0.01163,0,22.69013,0,0.01163,,0.04652,0,0.01163,,,,0.16282,0,3.31455,0,0,1.70961,,0,1.01181,20.84096,0,0,,0,,0.20934,0,0,,2.6749,2.76794,0.91877,0,,2.77957,0,0,0,0,2.60512,64.37205,83.736,1.33745,0,0.31401,2.34926,,,0,,0,,0,3.79138,,56.6381,0,0.01163,11.36251,0,0.01163,,0,0,0,0,,85.11997,20.49206,0,6.40813,0,85.79451,250.045,0,,,,,,0,,0,0,0,0,,0,15.64235,0,0,,,0,0,1425.0936,,201.07108,,2290.2727,,0.01163,4665.66524
12/31/1934,0.02326,0,0,23.23674,0,0.04652,,0.45357,0,0.01163,,,,0.2326,0,4.39614,0,0,2.10503,,0,1.06996,27.47006,0,0,,0,,0.30238,0,0,,2.69816,2.57023,0.90714,0,,3.69834,0,0,0,0,3.07032,70.41965,89.06254,10.86242,0,0.2326,2.95402,,,0,,0,,0,3.27966,,63.59284,0,0.01163,11.61837,0,0.01163,,0,0,0,0,,100.37853,25.14406,0,6.15227,0,98.45958,281.446,0,,,,,,0,,0,0,0,0,,0,17.82879,0,0,,,0,0,1429.6875,,233.82115,,2416.8884,,0.01163,4934.15535
12/31/1935,0.06978,0,0,23.69031,0,0.08141,,2.01199,0,0,,,,0.24423,0,5.22187,0,0,2.16318,,0,1.63983,27.93526,0,0,,0,,0.2326,0,0,,2.84935,2.11666,0.88388,0,,4.96601,0,0,0,0,3.2564,70.73366,88.48104,41.37954,0,0.18608,3.65182,,,0,,0,,0,3.00054,,67.53541,0,0,11.46718,0,0.01163,,0,0,0,0,,131.87257,26.20239,0,5.98945,0,97.41288,293.076,0,,,,,,0,,0,0,0,0,,0,19.09646,0,0,,,0,0,1566.2703,,255.80185,,2627.659,,0,5387.19056
12/31/1936,0.47683,0,0,25.72556,0,0.09304,,7.38505,0,0,,,,0.15119,0,5.33817,0,0,2.24459,,0,1.93058,29.95888,0,0,,0,,0.22097,0,0,,3.16336,2.12829,0.8141,0,,5.17535,0,0,0,0,3.07032,74.87394,96.8779,45.28722,0,0.18608,4.09376,,,0,,0,,0,2.62838,,68.36114,0,0,11.79282,0,0.01163,,0,0,0,0,,149.57343,27.02812,0,5.94293,0,101.21589,318.662,0.02326,,,,,,0,,0,0,0,0,,0,21.66669,0,0,,,0,0,1728.2877,,266.88525,,2861.7012,,0,5872.97562
12/31/1937,1.09322,0,0,27.2142,0,0.38379,,12.33943,0,0,,,,0.18608,0,6.66399,0,0,3.59367,,0,2.25622,32.64541,0,0,,0,,0.20934,0,0,,3.31455,1.98873,0.8141,0,,5.24513,0,0,0,0.02326,3.36107,84.45706,120.1379,47.83419,0,0.16282,4.10539,,,0,,0,,0,2.47719,,78.04893,0,0.03489,12.19987,0,0.01163,,0,0,0,0,,180.40456,26.749,0,5.82663,0,83.1545,331.455,0.09304,,,,,,0,,0,0,0,0.04652,,0,26.08609,0,0,,,0,0,2010.4199,,322.4999,,3257.1443,,0.01163,6694.69313
12/31/1938,1.32582,0,0,28.42372,0,0.66291,,13.17679,0,0,,,,0.20934,0,8.22241,0,0,10.15299,,0,3.16336,34.70392,0,0,,0,,0.22097,0,0,,3.45411,2.62838,0.83736,0,,7.08267,0,0,0,0.50009,3.87279,86.03874,120.47517,48.12494,0,0.15119,4.09376,,,0,,0,,0,2.36089,,64.0813,0,0.03489,11.71141,0,0.01163,,0,0,0,0,,182.5561,24.38811,0,5.89641,0,76.68822,351.226,0.77921,,,,,,0,,0,0,0,0.04652,,0,29.84258,0,0,,,0,0,1908.5645,,326.46573,,3179.6304,,0.01163,6541.81696
12/31/1939,1.63983,0,0,30.97069,0,1.67472,,12.07194,0,0.01163,,,,0.32564,0,9.08303,0,0,11.82771,,0,4.46592,38.379,0,0,,0,,0.24423,0,0,,3.54715,7.74558,0.8141,0,,8.6062,0,0,0,1.67472,3.61693,92.44687,113.18316,46.08969,0,0.13956,3.74486,,,0,,0,,0,1.95384,,71.38494,0,0.05815,12.24639,0,0,,0,0,0,0,,177.61336,20.86422,0,6.10575,0,72.5712,352.389,6.26857,,,,,,0,,0,0,0,0.05815,,0,33.31995,0,0,,,0,0.04652,1988.1019,,355.0988,,3312.7822,,0.01163,6803.17773
12/31/1940,2.62838,0,0,34.28524,0,4.80319,,11.24621,0,0,,,,0.44194,0,10.10647,0,0,13.11864,,0,6.80355,41.11205,0,0,,0,,0.3489,0,0,,3.6053,10.80427,0.80247,0,,12.28128,0,0,0,2.95402,4.29147,92.33057,101.79739,29.15641,0,0.01163,3.46574,,,0,,0,,0,1.75613,,73.28063,0,0.05815,12.02542,0,0,,0,0,0,0,,150.341,18.71267,0,6.09412,0,67.5703,361.693,8.141,,,,,,0,,0,0,0,0.05815,,0,37.51838,0,0,,,0,0.19771,2126.813,,319.16208,,3419.4875,,0.01163,6989.31599
12/31/1941,2.34926,0,0,36.6345,0,7.58276,,10.80427,0,0,,,,0.36053,0,7.22223,0,0,15.4679,,0,7.71069,39.63504,0,0,,0,,0.40705,0,0,,2.38415,14.20023,0.67454,0,,10.49026,0,0,0,4.90786,4.50081,80.07255,77.93263,18.22421,0,0.13956,3.00054,,,0,,0,,0,1.25604,,71.6408,0,0.06978,12.07194,0,0,,0,0,0,0,,113.82281,18.41029,0,2.81446,0,63.41839,374.49762,6.8617,,,,,,0,,0,0,0,0.05815,,0,34.61088,0,0,,,0,0.36053,2203.8384,,387.81396,,3522.4246,,0,7158.67192
12/31/1942,2.81446,0,0,39.44896,0,10.12973,,9.92039,0,0,,,,0.4652,0.04652,4.72178,0,0,15.8168,,0,9.50171,17.03795,0,0,,0,,0.41868,0,0,,3.50063,13.74666,0.75595,0,,8.65272,0,0,0,7.74558,4.33799,35.85529,111.03161,30.17985,0,0.15119,2.74468,,,0,,0,,0,0,,57.94066,0,0.05815,3.88442,0,0,,0,0,0,0,,158.34245,21.0503,0,4.38451,0,65.88395,357.98303,7.2106,,,,,,0,,0,0,0,0.04652,,0,37.26252,0,0,,,0,0.96529,2179.3457,,250.56834,,3315.6084,,0,6789.55917
12/31/1943,1.75613,0,0,41.32139,0,12.83952,,10.45537,0,0,,,,0.51172,0.06978,7.0943,0,0,15.06085,,0,3.61693,21.55039,0,0,,0,,0.41868,0,0,,3.54715,14.94455,0.79084,0,,8.26893,0,0,0,9.75757,4.25658,72.14089,114.69506,41.54236,0,0.12793,2.83772,,,0,,0,,0,0,,58.51053,0,0.05815,1.55842,0,0,,0,0,0,0,,174.25229,22.65524,0,5.48936,0,61.32499,318.1968,7.5595,,,,,,0,,0,0,0,0.03489,,0,36.09952,0,0,,,0,1.33745,2365.635,,302.01947,,3568.0957,,0.01163,7310.44358
12/31/1944,0.5815,0.01163,0,40.32121,0,14.10719,,10.67634,0,0,,,,0.47683,0.09304,9.45519,0,0,15.16552,,0,2.33763,36.43679,0,0,,0,,0.37216,0,0,,4.44266,15.73539,0.68617,0,,8.39686,0,0,0,9.68779,4.32636,33.25017,156.8538,48.42732,0,0.08141,2.66327,,,0,,0,,0,0,,63.58121,0,0.04652,1.163,0,0,,0,0,0,0,,228.32016,22.25982,0,4.69852,0,40.99575,433.03143,12.36269,,,,,,0,,0,0,0,0.03489,,0,36.52983,0,0,,,0,1.11648,2637.114,,430.2635,,4098.133,,0.3489,8424.58593
12/31/1945,0.4652,0,0,38.07662,0,5.17535,,11.61837,0,0,,,,0.5815,0.1163,3.489,0,0,12.68833,,0,2.03525,36.71591,0,0,,0,,0.15119,0,0,,4.01235,15.7005,0.33727,0,,6.31509,0,0,0,7.61765,3.67508,11.35088,198.9893,53.57941,0,0.08141,2.57023,,,0,,0,,0,0,,72.46653,0,0.03489,1.12811,0,0,,0,0,0,0,,297.58844,21.24801,0,1.17463,0,53.9632,225.622,33.40136,,,,,,0,,0,0,0,0.02326,,0,35.59943,0,0,,,0,0.84899,2693.2986,,538.9458,,4093.3413,,0.24423,8484.27097
12/31/1946,1.75613,0,0,34.61088,0,9.82735,,12.73485,0,0,,,,0.54661,0.10467,3.3727,0,0,11.23458,,0,0.8141,36.07626,0,0,,0.13956,,0.33727,0,0,,3.57041,14.90966,0.60476,0,,7.5595,0,0,0,7.96655,3.40759,3.51226,226.76173,54.4284,0,0.12793,2.23296,,,9.304,,0,,0,0,,81.94498,0,0.03489,0.02326,0.73269,0,,0,0,0,0,,398.595,19.06157,0,1.36071,0,48.76459,252.90598,95.366,,,,,,0,,0,0,0,0.02326,,0,34.14568,0,0,,,0,0.65128,2725.1765,,647.8026,,4354.179,,0.24423,9106.95293
12/31/1947,3.51226,0,0,36.35538,0,10.5833,,14.96781,0,0,,,,0.56987,0.15119,20.09664,0,0,11.42066,,0,0.60476,40.18165,0,0,,0.19771,,0.4652,0,0,,3.61693,15.51442,0.5815,0,,6.71051,0,0,0,6.6291,2.89587,12.94419,238.63597,54.68426,0,0.1163,2.10503,,,25.586,,0,,0,0.29075,,93.65639,0,0.03489,0.09304,2.47719,0,,0,0,0,0.5815,,476.92303,19.75937,0,1.48864,0,44.3103,302.63586,143.049,,,,,,0,,0,0,0,0.03489,,0,34.75044,0,0.01163,,,0,0.54661,2918.5718,,724.7351,,4796.5376,,0.38379,10069.99833
12/31/1948,2.64001,0,0,38.64649,0,11.0485,,17.35196,0,0,,,,0.6978,0.22097,31.24981,0,0,18.57311,,0,0.84899,38.27433,0,0,,0.15119,,0.56987,0,0,,3.93094,21.87603,0.60476,0,,7.38505,0,0,0,5.64055,2.91913,50.55561,293.8901,39.84438,0,0.10467,1.84917,,,74.432,,0,,0,0.54661,,97.36636,0,0.15119,0.5815,5.76848,0,,0,0,0,0.75595,,647.39557,21.77136,0,1.6282,0,48.25287,340.16586,221.87714,,,,,,0,,0,0,0,0.03489,,0,34.05264,0,0.03489,,,0,0.51172,3175.0713,,816.56555,,5428.8726,,0.43031,11505.14041
12/31/1949,3.84953,0,0,37.58816,0,13.3745,,17.46826,0,0,,,,1.02344,0.16282,39.03028,0,0,32.73845,,0.08141,1.37234,47.81093,0,0,,0.10467,,0.6978,0,0,,3.93094,26.62107,0.67454,0,,9.79246,0,0,0,5.88478,2.94239,72.08274,316.7663,47.29921,0,0.10467,2.25622,,,143.95615,,0,,0,0.67454,,90.92334,0,0.19771,0.39542,7.22223,0.01163,,0,0,0,1.46538,,796.9225,22.88784,0,1.76776,1.163,54.661,388.9537,270.26956,,,,,,0,,0,0,0,0.03489,,0,35.01793,0,0.13956,,,0,0.53498,2894.928,,798.1436,,5397.739,,0.73269,11592.40032
12/31/1950,1.53516,0.03489,0,39.04191,0,19.75937,,17.51478,0,0,,,,0.96529,0.51172,47.86908,0,0,45.42678,,0.95366,2.34926,54.78893,0,0,,0.17445,,0.73269,0,0,,4.03561,30.31941,1.48864,0,,13.01397,0,0,0,5.95456,3.01217,82.30551,375.1838,76.57192,0,0.09304,3.40759,,,199.9197,,0,,0,0.67454,,118.10265,0,0.45357,0.8141,8.19915,0.01163,,0,0,0,2.03525,,998.1448,23.85313,0,1.88406,19.02668,58.69661,440.52115,309.92786,,,,,,0.01163,,0,0.60476,0,0.03489,,0,33.94797,0,0.19771,,,0,0.53498,3101.814,,905.98865,,6055.578,,1.2793,13109.30096
12/31/1951,1.41886,0.08141,0,40.71663,0,26.55129,,17.47989,0,0,,,,0.79084,1.0467,57.81273,0,0,74.47852,,1.15137,3.55878,61.76693,0,0,,0.15119,,1.38397,0,0,,4.15191,27.12116,3.38433,0,,15.89821,0,0,0,5.80337,3.12847,97.16865,196.38419,99.92496,0,0.20934,3.90768,,,325.8377,,0,,0,0.60476,,126.0692,0,0.88388,1.32582,8.30382,0.01163,,0,0,0,2.15155,,1098.9187,24.87657,0,2.10503,27.5631,72.23393,491.4024,431.72885,,,,,,0.01163,,0,0.4652,0,0.03489,,0,34.80859,0,0.22097,,,0,0.52335,3532.659,,1036.2213,,6867.236,,1.72124,14833.39049
12/31/1952,1.73287,0.53498,0,41.30976,0,32.14532,,17.50315,0,0,,,,0.77921,1.13974,59.01062,0,0,95.78468,,1.38397,5.07068,62.25539,0,0,,0.17445,,1.31419,0,0,,4.36125,27.35376,4.0705,0,,20.41065,0,0,0,6.95474,3.05869,102.12303,15.8168,215.39923,0,0.74432,3.55878,,,434.7992,,0,,0,0.59313,,127.6974,0,1.17463,1.46538,8.31545,0.01163,,0,0,0,2.52371,,1190.7026,26.15587,0,2.50045,38.34411,93.06326,550.2269,468.84018,,,,,,0.09304,,0,0.4652,0,0.03489,,0,35.49476,0,0.25586,,,0,0.65128,3598.8687,,1100.9656,,7218.299,,1.76776,15627.30075
12/31/1953,1.7445,0.98855,0,47.4504,0,37.46023,,17.45663,0,0,,,,0.90714,1.38397,56.76603,0,0,126.54603,,1.90732,7.23386,63.43002,0,0,,0.24423,,1.41886,0,0,,4.54733,27.34213,4.26821,0,,25.45807,0,0,0,9.83898,3.16336,121.96381,15.60746,327.8032,0,0.98855,3.44248,,,500.2528,,0,,0,0.5815,,118.1608,0,1.19789,1.65146,9.5366,0.01163,,0,0,0,2.81446,,1387.1915,24.85331,0,2.19807,47.24106,105.34454,613.7965,478.83035,,,,,,0.17445,,0,0.76758,0,0.03489,,0,36.65776,0,0.31401,,,0,0.63965,3704.562,,1071.53,,7632.513,,2.00036,16652.21752
12/31/1954,2.03525,0.84899,0,49.18327,0,40.10024,,17.47989,0,0,,,,2.57023,1.50027,55.68444,0.05815,0,150.2945,,2.62838,9.17607,64.3139,0,0,,0.16282,,1.45375,0,0,,4.82645,22.9111,5.87315,0,,31.00558,0,0,0,14.15371,3.57041,131.75627,40.72826,356.16876,0,0.83736,3.489,,,557.25146,,0,,0,0.82573,,136.4199,0,1.37234,2.0934,10.92057,0.01163,,0,0,0,3.09358,,1572.4225,26.65596,0,2.13992,55.56814,113.28783,689.43805,545.226,,,,,,0.25586,,0,0.72106,0,0.05815,,0,38.89072,0,0.67454,,,0,0.68617,3638.399,,1151.3816,,7990.694,,2.51208,17553.81039
12/31/1955,2.41904,0.63965,0,50.76495,0,42.63558,,17.46826,0,0,,,,4.08213,3.07032,61.09239,1.7445,0,202.4783,,3.90768,11.23458,63.88359,0,0,,0.59313,,1.24441,0,0,,5.41958,21.17823,10.21114,0,,36.59961,0,0,0,18.61963,4.03561,141.93253,191.09253,386.59283,0.01163,2.37252,3.65182,,,640.88275,,0,,0,0.77921,,145.78204,0.2326,1.18626,2.45393,11.90912,0.01163,,0,0,0,3.29129,,1853.6127,26.78389,0,2.0934,63.24394,122.75465,823.3226,554.33234,,,,,,0.40705,,0,0.96529,0,0.03489,,0,40.97249,0,2.08177,,,0,0.62802,3904.7026,,1314.6669,,8955.483,,2.98891,19764.57944
12/31/1956,3.09358,0.39542,0.09304,51.60231,0,39.86764,,17.51478,0,0,,,,4.84971,6.17553,65.55831,2.87261,0,269.01352,,5.37306,13.52569,70.98952,0,0,,0.82573,,1.25604,0,0,,5.24513,20.10827,14.70032,0,,40.8213,0,0,0,13.97926,4.60548,152.27159,306.27606,366.05426,0.24423,6.61747,3.6053,,,645.5464,,0,,0,0.83736,,147.85219,0.2326,1.12811,2.68653,12.75811,0.01163,,0,0,0,3.3727,,1974.0297,28.55165,0,2.13992,68.33788,126.9996,974.66376,570.3003,,,,,,0.68617,,0,1.02344,0,0.03489,,0,47.60159,0,3.55878,,,0,0.76758,4113.508,,1502.3053,,9745.858,,3.41922,21465.74657
12/31/1957,5.6987,0.24423,0.1163,56.49854,0,37.05318,,18.59637,0,0,,,,5.41958,15.36323,64.24412,3.31455,0,284.45816,,6.57095,16.9798,73.58301,0,0,,0.66291,,1.25604,0,0,,4.89623,27.87711,16.40993,2.01199,,46.11295,0,0,0,7.85025,5.1172,183.754,418.55206,255.83675,0.62802,14.67706,3.73323,,,680.84344,,0,,0,0.77921,,143.95615,0.26749,0.87225,4.59385,17.71249,0.01163,,0.01163,0,0,3.50063,,2032.924,29.85421,0,2.10503,77.31624,130.0234,1143.764,581.7791,,,,,,0.83736,,0,1.10485,0,0.02326,,0,56.0566,0,3.46574,,,0,0.95366,4112.903,,1695.9099,,10270.767,,4.60548,22574.45805
12/31/1958,4.68689,4.98927,0.59313,59.33626,0,32.98268,,23.65542,0,0,,,,5.21024,28.76099,60.58067,2.58186,0,258.87216,,8.44338,26.33032,73.75746,0,0,,0.53498,,1.23278,0,0,,4.7683,37.02992,16.11918,5.87315,,51.61394,0,0,0,9.6529,5.10557,190.46451,480.02826,416.5517,1.03507,17.97998,4.26821,,,834.44086,,0,,0,0.67454,,152.52745,0.40705,0.86062,5.37306,18.85223,0.01163,,2.97728,0,0,3.61693,,2450.2434,29.09826,0,2.03525,95.62186,131.83768,1316.702,599.9452,,,,,,0.83736,,0,1.09322,0,0.02326,,0,61.47618,0,3.82627,,,0,0.9304,3849.0066,,1577.3885,,10527.977,,5.37306,23506.19633
12/31/1959,5.57077,14.32816,0.59313,74.17614,0,28.58654,,26.19076,0,0,,,,4.80319,35.85529,62.6857,2.23296,0,289.04037,,9.74594,43.031,84.44543,0,0,,0.30238,,1.43049,0,0,,4.23332,36.69265,18.81734,8.75739,,59.4293,0,0,0,12.04868,5.2335,214.55025,539.38776,487.7622,1.48864,19.71285,4.72178,,,837.9764,,0,,0,0.65128,,157.19109,0.40705,1.10485,6.15227,20.61999,0.01163,,6.19879,0,0,3.70997,,2640.5798,27.4468,0,2.03525,92.95859,133.02394,1506.7479,656.30414,,,,,,0.72106,,0,1.08159,0,0.02326,,0,67.40748,0,4.5357,,,0,0.96529,4046.4143,,1684.431,,11360.858,,6.88496,25362.29629
12/31/1960,8.46664,100.39016,0.77921,106.27494,0,28.47024,,26.23728,0,0,,,,5.41958,45.0081,53.30029,2.326,0,296.66968,,10.96709,63.965,88.20192,0.60476,0,,0.16282,,1.59331,0,0,,4.1868,38.59997,22.99251,9.304,,64.3139,0,0,0,14.15371,5.28002,242.00867,622.10034,552.0412,1.50027,23.23674,6.11738,,,986.4566,,0,,0,0.6978,,161.52907,0.33727,1.06996,6.33835,22.30634,0.01163,,9.73431,0,0,4.19843,,3032.7551,29.91236,0,2.25622,95.50556,133.745,1719.6002,750.4141,,,,,,0.74432,,0,1.18626,0,0.02326,,0.06978,69.71022,0,4.36125,,,0,1.00018,4046.9492,,1737.0336,,12240.843,,10.97872,27514.44062
12/31/1961,8.96673,182.09091,1.20952,136.67577,0,27.40028,,26.14424,0,0,,,,4.5357,52.90487,47.96212,2.40741,0,345.66687,,14.04904,72.106,84.17794,1.19789,0,,0.1163,,1.79102,0,0,,4.48918,44.41497,25.15569,9.00162,,72.18741,0,0,0,16.94491,5.96619,247.53291,689.71716,569.6258,1.57005,22.93436,7.64091,,,1010.6819,,10.18788,,0,0.6978,,174.13599,0.30238,0.9304,6.55932,23.79498,0.01163,,25.98142,0,0,4.50081,,3247.724,30.08681,0,2.36089,97.48266,134.69865,1931.3708,854.0723,,,,,,0.75595,,0,1.24441,0,0.03489,,0.16282,75.31588,0,5.14046,,,0,1.23278,4120.544,,1774.9241,,13029.392,,15.59583,29306.50751
12/31/1962,9.12955,238.49641,5.47773,159.50545,0,27.84222,,26.15587,0,0,,,,4.23332,50.78821,44.0777,2.31437,0,382.21994,,17.72412,79.084,82.09617,1.43049,0,,0.13956,,2.05851,0,0,,3.9542,55.06805,27.5631,9.61801,,79.15378,0,0,0,19.08483,12.53714,264.6988,765.35864,571.82385,1.57005,21.00378,8.42012,,,1141.3682,,102.12303,,0,0.67454,,182.3584,0.26749,1.47701,6.79192,25.08591,0.01163,,38.07662,0,0,5.31491,,3564.6765,32.81986,0,2.36089,102.43704,137.97832,2166.0178,948.2521,,,,,,0.75595,,0,1.17463,0,0.02326,,0.08141,80.43308,0,6.91985,,,9.28074,1.29093,4206.094,,1943.8383,,14133.672,,17.73575,31832.02004
12/31/1963,8.73413,274.89832,9.304,157.77258,0,30.4706,,26.23728,0,0,,,,5.15209,54.30047,39.98394,2.01199,0,403.03766,,20.02686,87.225,95.69164,1.26767,0,,0.36053,,2.0934,0,0,,3.77975,65.68624,29.33086,10.32744,,86.27134,0,0,0,20.42228,19.21276,259.05826,855.4679,659.0605,1.75613,20.74792,9.39704,,,1223.3713,,259.02335,,0,0.60476,,187.31277,0.22097,1.7445,7.39668,25.76045,0.01163,,43.17056,0,0,5.54751,,3930.0444,33.34321,0,2.46556,105.77485,142.26979,2396.5825,1031.9182,,,,,,0.75595,,0,0.91877,0,0.03489,,0.06978,80.10744,0,8.67598,,,28.21438,1.43049,4326.3716,,1973.1226,,15164.043,,18.73593,34258.13038
12/31/1964,8.88532,308.06708,10.52515,162.86652,2.2097,30.97069,,28.62143,0,0,,,,4.97764,50.62539,41.21672,1.8608,0,429.5773,,20.74792,98.855,99.98311,0.96529,0,,0.43031,,2.26785,0,0,,4.29147,73.90865,33.09898,12.30454,,89.93479,0,0,0,20.94563,25.72556,266.54797,984.03754,716.722,2.31437,31.04047,8.01307,,,1346.6726,,481.58667,,0,0.56987,,188.48741,0.20934,1.3956,6.46628,26.4001,0.01163,,69.00079,0,0,6.36161,,4399.3965,36.99503,0,3.27966,117.75375,144.15385,2600.503,1099.8026,,,,,,0.75595,,0,0.94203,0,0.10467,,0.02326,81.82868,0,10.71123,,,105.78648,1.47701,4379.963,,2072.0356,,16376.738,,20.92237,37152.87283
12/31/1965,9.55986,304.0002,7.6176496,160.08415,4.0263753,33.20365,,33.05246,0,0,,,,5.09394,58.675575,46.11265,2.66327,0,510.25668,,19.25928,131.53531,123.91237,0.82573,0,,0.66291,,2.23296,0,0,,4.9867253,75.33914,34.86674,14.71195,,92.62132,0,0,0,20.96889,35.145863,285.34518,1112.55,752.17535,2.37252,26.493141,7.86188,,,1384.1022,,674.328,,0,0.55562174,,209.9668,0.16282,1.19789,6.33835,27.85385,0.01163,,157.08034,0,0,6.22205,,4814.4478,39.47414,0,3.94257,134.96996,149.10823,2824.7874,1291.2112,,,,,,0.8141,,0,0.66291,0,0.22097,,0.02326,77.58907,0,17.82879,,,158.93922,0.97692,4974.0864,,2141.2454,,18231.082,,23.99269,41271.4363
12/31/1966,10.30418,391.262,7.33853,170.30933,5.1767683,32.06391,,35.80877,0,0,,,,9.22259,71.632545,55.365948,4.69852,0,560.70734,,18.8406,169.2165,121.46218,0.72106,0,,0.80247,,2.2097,0,0,,4.3633847,72.76891,34.09916,16.828611,,92.43524,0,0,0,19.82915,54.04461,278.29962,1243.164,797.43195,2.18644,21.515501,9.09466,,,1460.2218,,833.5137,,0,0.55562174,,215.03337,0.13956,1.19789,6.60584,27.51658,0.01163,,239.22957,0,0,6.01271,,5368.059,39.47414,0,4.652,168.56763,152.06226,3083.113,1523.1675,,,,,,0.87225,,0,0.31401,0,0.37216,,0.02326,87.956665,8.96673,23.73683,,,202.75734,0.90714,5286.2866,,2079.28,,19796.81,,25.84186,44956.46282
12/31/1967,11.44392,449.44415,6.24531,185.64127,12.079125,31.22655,,40.34447,0,0,,,,22.02722,90.1425,59.99259,5.80337,0,612.9143,,18.8406,161.42441,117.17435,0.5815,0,,1.34908,,2.326,0,0,,3.7400439,64.90703,32.93616,40.06535,,93.12141,0,0,0,19.60818,65.90721,299.4363,1517.8029,703.4816,1.55842,20.03849,9.16444,,,1469.943,,957.87744,,0,0.55562174,,237.99353,0.1163,1.15137,6.82681,26.34195,0,,182.8021,0,32.830685,5.83826,,5726.7866,44.33245,0,5.2335,187.68355,156.49329,3350.603,1643.169,,,,,,0.97692,,0,0,0,0.40705,,0.02326,102.93206,26.06283,32.00576,,,215.20438,1.0350701,5631.4976,,2185.5684,,21238.463,,27.60962,48199.13266
12/31/1968,13.18842,493.38818,8.7225,203.38065,22.494122,31.68012,,43.87999,0,0,,,,22.72502,99.05112,70.595436,5.52425,0,664.29785,,20.75955,185.9637,107.66777,0.50009,0,,2.30274,,2.38415,0,0,,3.1252425,99.7505,31.26144,53.974827,,93.76106,0,0,0,21.01541,68.07039,352.65442,1660.5339,863.37915,1.37234,18.92201,8.65272,,,1548.2809,,1440.4755,,12.19484,2.228576,,254.70474,0.09304,1.03507,8.47827,24.96961,0,,81.167984,0,139.19073,6.02434,,6315.6597,46.28077,0,5.52425,197.49146,157.41205,3595.996,1793.6106,,,,,,1.47701,,0,0,12.19484,0,,0.04652,110.312996,37.111332,36.09952,,,280.45877,0.97692,5848.4985,,2230.1965,,23170.031,,29.00522,52662.20663
12/31/1969,15.20041,516.78827,28.58654,210.5816,25.883842,32.07554,,44.17074,0,0,,,,21.81788,108.03546,71.55922,3.77975,0,723.5959,,19.89893,252.8362,130.65038,0.27912,0,,2.39578,,2.4423,0,0,,2.4933627,142.99084,29.06337,58.46401,,92.58643,0,0,0,20.39902,78.18849,376.9375,1968.5372,871.33185,1.15137,18.50333,8.71087,,,1638.7595,,1717.8782,,30.693363,5.0005956,,267.08307,0.05815,0.68617,9.23422,23.4926,0,,309.52045,0,188.34445,6.19879,,6892.682,44.93974,0,5.10557,206.2202,157.53998,3818.129,1892.793,,,,,,2.2097,,0,0,30.693363,0.29075,,0.02326,90.42838,43.11241,42.13549,,,353.58624,0.98855,5947.0205,,2219.0684,,24940.334,,31.38937,56795.57497
12/31/1970,17.29381,561.8859,58.905952,232.60602,101.23458,32.54074,,44.48475,0,0,,,,13.04886,102.25953,78.49919,3.88442,0,814.8895,,17.07284,356.4595,136.76793,0.22096999,0,,1.84917,,2.36089,0,0,,2.4933627,190.77852,26.85367,63.06949,,88.67875,0,0,0,22.52731,79.18867,501.40903,2239.7864,887.37213,0.89551,17.46826,8.9551,,,1765.4216,,1855.5074,,49.22521,10.001191,,281.20184,0,0.51172,9.28074,22.31797,0.67454,,620.473,0,191.22433,5.26839,,7742.021,44.923103,0,4.93112,210.27509,159.0635,4105.8438,2234.9546,,,,,,1.75613,,0,0,49.22521,1.01181,,0.1163,80.63677,48.27613,41.19346,,,439.08228,1.81428,6204.4873,,2293.8787,,27433.885,,33.19202,62647.41629
12/31/1971,19.27091,427.9568,66.53523,250.86913,177.42035,29.26108,,43.48457,0,0,,,,19.8873,107.041916,74.450874,3.54715,0,874.15466,,16.30526,458.33832,135.78944,0.16282001,0,,1.3956,,2.25622,0,0,,2.4933627,173.89175,21.64343,67.39585,,87.39945,0,0,0,22.73665,83.561554,523.72,2659.6023,970.4379,0.73269,15.735391,8.74576,,,1890.4507,,1519.8572,,61.386726,38.3379,,280.36813,0,0.26749,10.14136,19.93382,1.163,,877.1751,3.4050403,169.33722,4.66363,,9117.804,38.37081,0,4.59385,249.08618,163.9016,4384.5103,2800.4424,,,,,,1.43049,,0,0,61.386726,1.25604,,0.15119,74.301025,47.787674,40.14676,,,596.7261,2.46556,6116.076,,2208.2644,,29000.791,,34.50621,67166.70935
12/31/1972,25.0045,578.319,82.072914,258.39575,189.33647,28.81914,,40.56544,0,0.01163,,,,23.62053,104.99714,105.390366,2.88424,0,1008.47394,,16.47971,531.1421,123.015465,3.90768,0,,1.30256,,2.22133,0,1.1366035,,48.75378,124.67361,17.25892,73.303894,,83.72437,0,0,0,22.99251,85.74799,636.4264,2950.6582,842.125,0.55824,14.072301,8.32708,,,1946.2715,,1242.3125,,67.94268,51.81439,,291.8853,0,0.32564,11.25784,18.57311,1.61657,,1043.0057,18.77903,162.8705,4.50081,,10178.413,40.13162,0,4.03561,279.9732,167.79765,4656.652,3538.2239,,,,,,1.60494,,0,0,67.94268,1.44212,,0.06978,81.43525,46.25251,39.40244,,,679.2343,3.87279,6139.336,,2021.4376,,30649.97,,37.216,71531.31776
12/31/1973,24.50441,601.25507,95.07526,251.22163,237.18723,29.99377,,39.66993,0,0.02326,,,,25.53948,106.482506,132.97913,2.2097,0,1166.6589,,14.83988,623.4843,115.69473,24.31833,0,,1.60494,,1.98873,0,1.7002469,,130.2782,98.61077,14.58402,88.35311,,77.94426,0,0,0,23.13207,83.71274,785.5799,3435.2354,1156.0471,0.45357,12.8511505,8.141,,,1788.6992,,1216.8772,,64.282326,50.56158,,300.7447,0,0.48846,11.40903,17.35196,1.87243,,1176.8423,18.160213,168.76125,4.33799,,11952.012,43.66005,0,4.55896,330.18402,170.22832,4989.27,4466.09,,,,,,8.88532,,0,0,64.282326,1.67472,,0.06978,95.61217,45.10114,40.83293,,,863.18304,4.32636,5985.4062,,2110.0837,,33445.125,,38.75116,78891.08056
12/31/1974,20.5851,556.3107,99.33183,245.91354,234.67719,26.02794,,39.11169,0,0.09304,,,,24.56256,111.1111,113.27886,1.67472,0,1097.7156,,12.9093,754.2055,105.52804,28.55165,0,,1.95384,,1.73287,0,1.1334981,,110.3313,86.67839,12.5604,118.649254,,72.62935,0,0,0,23.22511,87.108696,807.3038,3526.1836,1131.332,0.4652,12.8395195,7.81536,,,1510.3931,,855.80133,,74.70649,45.00536,,377.0003,0,0.27912,10.39722,16.99143,1.89569,,1291.8168,19.862734,167.03331,3.75649,,12314.891,47.611588,0,6.3965,300.06198,172.5427,5337.007,4996.796,,,,,,22.98088,,0,0,74.70649,2.0934,,0.06978,107.70769,48.13657,38.48367,,,945.4124,4.7683,5715.0557,,1868.362,,33519.68,,40.21654,79411.45011
12/31/1975,21.1666,544.32935,90.60933,235.63022,251.46202,23.69031,,35.4715,0,0.19771,,,,21.79462,108.2866,106.60955,1.41886,0,948.72656,,11.56022,896.20776,98.84858,20.80607,0,,2.62838,,1.65146,0.29075,1.7002469,,100.35785,136.46643,11.95564,131.59344,,67.41911,0,0,0,23.32978,96.33129,766.7918,3133.9348,1299.1066,0.40705,14.36305,7.04778,,,1236.8494,,831.91504,,111.19105,54.45093,,466.99908,0.01163,0.2326,11.10665,16.50297,1.58168,,1021.53784,107.25876,196.40814,3.03543,,10962.752,44.170933,0,6.43139,253.14108,174.21739,5708.0156,4179.089,,,,,,23.58564,,0,0,111.19105,2.13992,,0.06978,124.41102,53.602673,35.99485,,,937.07684,18.23584,5463.43,,1478.1473,,31837.768,,42.82166,74727.56448
12/31/1976,22.097,607.42487,87.96932,237.41644,257.49902,22.45753,,33.75026,0,0.2326,,,,21.9807,105.45653,123.52782,1.36071,0,875.7928,,10.90894,1013.67084,92.362915,24.422998,0,,2.73305,,1.52353,14.54913,2.273207,,117.50911,193.17432,12.29291,131.69812,,64.86051,0,0,0.15119,24.91146,100.70418,885.34705,3453.717,1390.0804,0.41868,15.03759,6.7454,,,1278.2631,,1087.3124,,116.722046,93.04304,,520.71875,0,0.10467,13.47917,15.94473,5.54751,,1187.2389,158.76816,211.96268,3.15173,,12444.379,46.95398,0,5.29165,282.8775,175.4967,6043.8438,5085.341,,,,,,20.60836,,0,0.03489,116.722046,2.46556,,0.09304,122.44165,43.1473,30.17985,,,1093.5983,141.52547,5326.3057,,1451.5715,,34590.74,,45.40352,81717.33583
12/31/1977,22.6785,648.445,82.13106,256.58066,272.4299,20.78281,,33.66885,0,0.19771,,,,18.74756,101.61979,129.12744,1.50027,0.44194,878.9293,,10.79264,1089.0332,86.84424,19.061571,0,,2.97728,,1.43049,13.09538,5.66749,,114.43729,243.067,12.00216,131.03522,,63.59284,0,0,0.08141,25.48133,118.45155,987.81305,3321.8525,1348.9895,0.27912,14.490981,6.89659,,,1172.0682,,1158.6451,,105.978966,101.67877,,632.27313,0,0.25586,15.61909,16.07266,7.83862,,1194.486,162.87442,195.83217,5.54751,,12523.719,55.780968,0,4.23332,251.98256,174.9152,6347.6426,5447.446,,,,,,9.81572,,0,0.01163,105.978966,2.53534,,0.16282,131.89873,50.05552,30.28452,,,1125.703,445.02194,5382.4077,,1412.9277,,35798.867,,45.95013,84201.16448
12/31/1978,24.423,662.15814,75.23447,269.9307,269.70963,20.8177,,32.02902,0,0.43031,,,,17.51478,101.04517,136.49191,2.86098,5.87315,874.45825,,9.0714,1210.1016,82.55641,28.2609,0,,2.7912,,1.36071,13.2582,4.5339923,,126.6467,292.95972,12.85115,123.27801,,59.60375,0.2326,0,0.3489,25.586,131.08173,954.87695,3079.8574,1472.1066,0.27912,17.31707,6.29183,,,1265.1078,,1112.3861,,103.6625,120.0143,,775.63153,0,0.27912,16.43319,16.1657,6.57095,,1086.7255,202.0324,180.85677,5.47773,,11938.265,92.051926,0,4.22169,280.3668,164.14583,6646.906,4936.231,,,,,,11.3974,,0,0.01163,103.6625,2.46556,,0.17445,132.4747,57.49872,31.76153,,,1030.9653,628.0898,5631.312,,1360.4202,,36124.168,,47.40388,84263.56666
12/31/1979,24.423,675.54517,83.736,282.35434,270.70334,20.09664,,29.72628,0,0.45357,,,,15.04922,104.676834,148.17535,3.0238,23.30652,1003.3732,,11.7463,1234.5245,77.65604,32.122063,0,,2.7912,,1.26767,12.00216,4.5339923,,134.1268,304.0082,13.92111,113.950745,,56.21942,0.2326,0,0.90714,23.57401,149.31757,925.10754,1866.4425,1996.2805,0.24423,19.96871,5.60566,,,1507.4767,,1175.4906,,96.71305,156.68533,,938.07477,0,0.22097,17.60782,12.60692,4.33799,,1318.7386,226.77942,169.9132,5.76848,,12128.45,116.81149,0,3.84953,293.11072,147.85219,6810.528,5675.5664,,,,,,13.46754,,0,0.01163,96.71305,0,,0.17445,123.25906,64.383675,32.83149,,,1031.0718,905.44196,5547.409,,1481.2926,,37653.043,,48.18309,87475.05845
12/31/1980,29.783571,599.4387,86.38764,293.85562,253.9847,18.69058,,33.88598,0,0,,0,0,18.373228,114.915504,136.24884,1.8947815,37.037186,968.42413,0,25.825455,1232.1985,79.09724,36.84384,0.6336336,,3.8993914,,1.3346888,12.62114,3.4098105,,128.24379,346.3414,28.622375,103.44885,,59.17185,1.2672672,0,3.1912506,34.913406,109.31037,919.1779,862.45776,1524.3804,22.271118,19.852411,6.800772,0,,1009.875,,1026.7806,,91.751656,153.77174,0,1246.5953,0,0.6160267,19.389061,19.328724,4.5272274,0,1182.1919,291.3272,164.18195,6.2951965,0,11614.029,119.1476,9.501284,4.853277,275.31665,139.57164,7014.9834,5929.0127,,,,0,,20.47768,0,0,0.3186419,91.751656,4.2124505,,0.19946241,122.44165,65.44201,29.512596,,,974.6628,935.83124,5584.6494,,1364.7378,0,35949.586,0,54.695404,83679.801
12/31/1981,29.702196,534.1274,83.24754,299.3141,247.38208,16.573679,,32.627018,0,0,,0,0,14.897993,134.21123,98.43889,1.8889619,55.403984,876.45544,0,29.816757,1177.1886,84.39405,47.69463,4.4203186,,5.943009,,1.3286867,12.588797,8.501235,,132.25677,373.92776,34.040607,88.99276,,57.105263,1.2642331,5.077489,3.182531,34.820156,174.15926,929.9591,769.4381,517.584,22.844845,17.29381,4.8866973,0,,681.79614,,687.5084,,94.975685,143.90604,0,1488.5858,0,0.6130588,17.402475,20.593893,6.262493,0,824.7004,282.51993,189.65233,6.280138,0,9883.357,117.6083,1.2642331,4.840017,240.69855,141.11842,7080.5767,5888.819,,,,0,,15.471008,0,0,0.063554265,94.975685,4.080278,,0.7787622,108.859634,62.88341,29.431963,,,861.628,1040.6525,5568.406,,1321.3466,0,33877.83,0,54.54596,77807.01233
12/31/1982,43.203194,531.3829,74.5483,297.39435,243.93092,17.218323,,31.36814,0,0.62772685,,0,0,16.974642,163.54337,100.906044,1.8889619,69.41419,867.18097,0,31.05444,1187.6556,88.92848,52.95139,5.6851945,,7.313237,,1.3785579,14.474654,19.269466,,132.25677,387.4418,30.754223,90.62096,,53.932365,1.2642331,13.759776,3.8190374,37.294876,231.21603,774.3697,1396.675,564.10254,0.63361543,20.50369,6.151573,0,,496.1857,,644.2256,,89.76361,168.90901,0,1756.2821,0,0.6130588,19.336084,28.31248,9.175219,0,737.2808,293.44254,194.26015,7.5148206,0,7936.979,118.88222,5.054363,3.3558707,196.26921,142.25816,7123.9683,3956.3428,,,,0,,18.56521,0,0,0.19066279,89.76361,3.258869,,2.806905,101.947914,59.84798,31.991262,,,749.46564,1200.437,5590.8115,,1193.1802,0,32537.879,0,55.169403,73176.81549
12/31/1983,50.628742,522.8083,102.2277,298.51083,237.44705,16.573679,,30.566433,0.12385372,0.62772685,,0,2.6282513,15.781072,207.35083,101.63282,1.8889619,72.59833,913.65857,0,28.579075,1233.5941,95.41989,62.394947,14.52883,,8.682609,,1.3785579,15.735996,24.370207,,149.08698,423.6809,31.382595,91.51647,,52.02863,1.2642331,16.09713,4.4525456,36.62582,294.8903,822.0525,1428.5646,632.14026,0.63361543,26.06283,6.151573,0,,639.71454,,631.853,,93.238335,213.91435,0,1711.0585,0,0.6130588,19.336084,39.13223,9.609263,0,707.77814,365.15457,224.78691,8.1346245,0,7231.993,103.91183,8.213339,2.9685066,178.5046,140.5253,7168.0693,2794.4504,,,,0,,35.892742,0,0,0.25421703,93.238335,3.258869,,6.8033895,92.15631,64.33716,28.152311,,,705.9224,1336.9849,5616.8555,,1131.2377,0,32122.488,0,53.608383,71660.51844
12/31/1984,37.229465,567.38074,117.16062,292.39865,307.9994,15.322511,,30.019976,0.24838622,1.2612551,,0,4.614296,15.227177,290.23807,97.92559,2.5255163,86.207245,974.7762,0,28.482487,1332.9143,104.8947,70.070755,17.10231,,10.761573,,1.3845571,20.19726,26.710184,,162.16396,486.55267,31.468575,101.52989,,50.89972,1.2672672,17.413866,3.1912506,37.19479,327.89624,870.9995,1192.2871,704.0628,0.6365323,26.43499,5.256819,0,,706.256,,561.07214,,94.07448,248.48622,0,1724.8599,0,0.6160267,20.681664,44.528385,10.802691,0,797.3189,418.15393,241.3637,10.635683,0,7084.622,112.52271,7.5997386,2.9774983,199.42004,138.8971,7125.8174,2547.3987,,,,0,,28.544647,0,0,0.12745671,94.07448,3.2706964,,12.351028,98.18435,63.7324,26.304707,,,676.1817,1466.136,5770.069,,1135.138,0,32752.213,0,51.880657,72748.62222
12/31/1985,37.127743,547.31964,133.18675,280.96475,356.8411,14.63975,153.8649,29.191065,0.4397193,1.2554536,,0,5.2590723,14.5875025,342.74146,95.0956,3.777924,117.81307,996.51917,0,27.164629,1452.587,110.73357,69.04731,17.687271,,12.565779,,1.3785579,20.771517,34.00494,,177.047,524.1292,39.39968,100.32039,,52.02863,0.6306176,16.731709,1.9095187,36.497448,351.24927,771.53186,1283.3833,812.2264,0.63361543,27.725922,7.1363215,0,263.5358,645.34283,,562.7875,,92.25454,247.25168,0,1696.2805,0,0.6130588,19.336084,55.229572,12.376593,0,858.6715,456.02182,288.3003,21.742046,0,6352.8936,114.873924,5.6851945,2.9685066,178.14629,130.81424,7448.814,2001.202,,,,0,,27.228975,0,0.67761946,0.063554265,92.25454,2.17365,,23.377903,100.4331,62.895042,26.232836,78.8514,,650.816,1484.116,5799.941,26.8653,1064.192,0,32465.695,0,55.478714,72495.58034
12/31/1986,37.127743,563.81366,161.95938,265.96246,318.80838,14.63975,151.7715,31.36814,0.44212842,1.2554536,,0,5.2590723,12.954105,360.37137,93.74967,3.777924,112.71845,997.11,0,23.628353,1519.9247,186.68938,69.21014,12.633764,,13.252177,,2.044507,20.142076,41.939426,,184.52708,478.40002,44.27642,96.47085,,51.39405,0.19066279,16.731709,3.182531,36.497448,367.76385,818.39996,1194.3988,1083.7975,0.63361543,29.749542,8.352289,0.6395041,270.8627,690.7675,,583.7657,,121.62012,277.81085,0,1591.9349,0,0.30620822,15.4714365,66.43787,18.202044,0,840.16785,500.486,324.01086,26.07168,0,7682.893,108.23962,5.054363,2.9685066,200.86798,123.91765,7683.963,2937.7393,,,,0,,26.77459,0,1.3522412,0,116.05662,2.17365,,22.965563,96.50558,61.0575,29.431963,76.2928,,751.5359,1477.8009,5609.4917,29.4239,1150.7296,0.5162285,34069.387,5.5634995,54.231827,77092.80974
12/31/1987,36.452698,583.7999,203.59479,262.51917,338.87204,13.810332,161.7733,30.566433,0.44100407,0.8786677,,0,4.602438,13.1096735,358.51154,87.97889,3.777924,110.80797,1050.1238,0,23.009514,1560.0482,236.7989,73.46671,11.370389,,13.252177,,2.044507,20.142076,52.707653,,109.19317,537.87585,46.479088,89.888275,,47.586575,0,16.09713,2.546025,33.750248,356.85492,812.057,1357.5194,1363.688,0.19117671,45.76405,7.8118424,0.3197522,279.8178,606.09753,,550.04926,,148.01161,274.47714,0,1663.4996,0,0.24637982,10.955295,62.482,17.6195,0,772.05383,582.8407,337.41425,26.07168,0,7941.9443,99.80385,3.7901297,2.3464541,177.60414,116.69543,7777.0996,2484.2625,,,,0,,23.833061,0,1.3522412,0,133.54651,2.8513765,,21.104242,88.54622,58.23141,32.63109,75.2461,,793.14496,1434.5721,5434.2373,31.052101,1165.9482,3.2564,34148.08,14.465098,54.374012,77533.7386
12/31/1988,29.783571,611.4504,259.5816,275.8608,321.6083,15.322511,159.7962,31.282305,0.50353575,0.818839,,0,3.2969992,13.586943,350.34323,85.20507,2.7771232,104.08726,1105.9545,0,19.214602,1593.8916,232.53386,81.851944,7.5997386,,11.227941,,2.050291,18.93493,54.55697,,191.90817,514.44147,47.865322,103.41396,,50.13727,0,14.230025,1.9153942,36.994778,375.48618,782.5798,1365.1671,1589.8123,0.25422645,56.25431,7.785556,0.31971553,290.2848,733.22754,,578.15985,,250.3525,299.17395,0,1659.4952,0,0.24641064,8.728684,56.039642,21.02661,0,794.1685,662.67206,359.7082,28.003492,0,8855.054,86.47234,3.8018017,2.3526683,205.23705,114.42757,7809.2114,3178.5789,,,,0,,21.883657,0,2.0358512,0,155.51389,2.1785314,,24.180489,86.58319,57.405678,32.07891,66.5236,,837.8947,1331.1582,5338.8906,28.377201,1223.4188,8.0247,35607.57,94.83861,52.022373,81498.68879
12/31/1989,31.727346,633.65845,263.32648,281.7945,303.33276,15.280645,153.0508,30.737844,0.39678589,0.6909707,,0,2.6303928,14.1466055,374.16556,84.88347,3.1471992,108.260666,1077.1763,0,18.057718,1600.7532,248.43729,92.59806,1.2631625,,11.197263,,2.0446892,17.624315,63.475887,,177.24585,517.77924,46.477802,118.94002,,48.15944,0,11.653256,2.5468814,31.129812,400.64188,833.06067,1672.8422,1616.1876,0.19014888,53.54452,7.132703,0.12753679,295.402,795.61633,,638.3156,,295.99164,325.3301,0,1663.8485,0,0.18430308,10.133565,48.246315,23.881886,0,1011.5126,871.1927,372.86066,29.782537,0,9716.949,79.615814,3.1595118,2.0124304,228.99637,111.91549,7563.98,3153.7424,,,,0,,17.185347,0,2.7070518,0,196.96135,2.1725793,,23.819426,85.4033,57.6848,35.830215,66.8725,,989.44775,1066.5873,4989.655,31.401001,1228.8223,17.328701,36037.492,99.03029,47.366127,83209.95471
12/31/1990,20.251497,678.6744,271.9094,295.82712,352.09924,14.636109,145.375,28.73143,0.5828234,0.75378615,,0,2.6303928,14.743389,396.90588,86.03725,2.5177596,102.52921,1078.7738,0,17.708685,1608.5453,271.8334,93.37727,1.2631625,,10.512792,,1.5791993,18.253756,68.57663,,180.52965,529.1534,43.494843,156.9236,,45.558235,0,10.384313,2.5468814,33.80603,397.40875,865.6619,1893.2347,1224.6495,0.12676592,54.28884,7.132703,0.19130519,300.054,544.2467,,782.0249,,336.47385,343.66562,0,1688.312,0,0.18430308,8.844492,52.6676,25.046974,0,1017.47095,955.32367,398.20364,38.441807,0,10034.734,78.70604,2.9699411,1.3416203,245.6507,94.62167,7098.1147,3984.946,,,,0,,15.022189,0,2.6393757,0,235.21815,2.4398158,,28.371239,85.770645,55.13085,46.70724,66.291,,1083.3516,1065.3545,4845.259,32.564,1369.9797,31.401001,36726.777,101.255684,44.556717,84899.85498
12/31/1991,12.825948,682.6081,285.0978,301.00766,332.76974,17.214254,136.92813,26.21367,0.5208109,0.75378615,,0,2.6303928,14.743389,392.28058,93.08701,0.7553278,97.43459,1084.0847,0,15.407841,1639.7137,262.5844,93.66802,1.2631625,,10.512792,,1.8451936,17.624315,80.47836,,189.62236,528.21136,41.76862,171.05405,,45.04751,0,10.585168,2.8015695,28.85252,374.25342,942.09454,2027.9333,162.1561,0.12676592,50.381157,9.659028,0.19130519,309.358,107.19352,,789.593,,382.55496,357.8599,0,1777.2651,0,0.18430308,10.133565,53.44318,26.065813,0,1117.5122,1091.3854,410.7192,39.28437,0.120063595,9707.28,70.13512,1.8957072,1.869369,237.2873,81.50304,6477.049,4981.6616,,,,0,,18.735231,0,2.3686705,0,272.954,1.8984053,,32.836124,84.251305,63.31721,56.304623,62.802002,,1242.6837,1061.3539,4918.2886,32.564,1527.3146,46.054802,36627.695,109.600945,41.131683,84422.30096
12/31/1992,7.445893,657.11145,315.7894,337.74042,327.94684,15.276754,130.206,26.574823,0.6466027,0.8818265,25.250868,0,3.6926389,15.714908,398.22037,103.771866,0.6942807,89.4001,1129.9681,0,14.2089815,1651.9252,270.6158,100.45994,0.9499673,25.306911,11.914288,,1.5168449,16.410275,89.22337,,203.0098,534.80554,42.66527,168.07675,1.830688,40.081245,0.7010123,8.618577,3.0646312,28.260681,339.4332,892.374,2043.1453,304.08456,0.12711322,52.34663,10.952113,0,300.054,627.50287,1.3702247,810.6005,0,399.62476,363.60208,0,1779.7585,0,0.12320546,9.281627,41.106205,24.20981,0,1159.6453,1243.2552,430.74744,39.24116,31.90402,10546.818,70.800804,5.069069,1.9994566,274.47525,79.39801,4638.16,5141.365,14.378502,,0,0.94831413,,17.993006,0.16374409,3.3930857,0,298.13672,1.767883,0.783507,38.406845,80.81669,63.431187,53.89257,60.475998,56.144535,1368.6174,1096.1392,4803.5605,38.379,1530.3914,63.848698,37157.977,101.488045,,85313.68815
12/31/1993,7.425549,655.03894,288.54028,361.31885,305.8865,14.544847,119.22262,31.314928,0.70684844,0.81660175,25.181877,0,3.8140695,16.268757,406.4251,99.33859,0.6294399,80.87708,1189.5297,0,13.995642,1675.0688,279.4891,110.92694,0.31579074,25.703396,14.619622,1.3964702,,15.735996,95.21384,,217.78125,552.739,40.663593,177.04349,1.2590938,38.70279,1.0168682,7.282723,4.4570427,27.913342,324.18625,893.77747,2143.3389,259.72107,0.12676592,53.9632,9.524724,0,267.49,1123.2484,1.2405715,768.99756,1.0072751,443.35516,355.60532,0,1782.6091,0,0.12286872,9.209715,40.412205,26.15307,0,1144.7253,1327.3126,451.09174,38.23457,75.64006,11007.759,77.11245,5.750312,3.0533025,253.68784,80.58427,4127.1963,4992.883,14.339216,0.86448157,0,5.4752383,,14.118467,1.1457355,3.3838146,0,327.12857,1.1130133,0.46659276,39.468914,75.04474,57.40801,48.62672,50.96266,53.102497,1330.0209,1165.1981,4617.1855,46.53163,1583.2775,73.269005,37105.15,115.08086,,85725.6879
12/31/1994,7.425549,652.1087,318.94113,401.36295,329.3391,13.854679,111.21537,31.773918,0.95489854,0.75378615,25.024921,0,3.8798292,17.042414,421.4718,101.653,0.692384,68.74246,1240.8297,0,13.012279,1698.9104,280.52618,111.20606,4.294752,27.573727,17.35751,1.6456981,,16.529263,104.84857,,239.59818,540.76013,41.38837,195.81432,1.1385313,37.162674,0.8897597,6.8914194,5.279546,30.813187,376.55612,894.8168,2151.3699,288.36447,0.06338296,56.928852,8.745116,0,236.22856,1202.0443,0.99892896,785.0266,1.8256861,517.24835,361.85297,0,1793.0317,0,0.12286872,8.997173,63.21158,25.323143,0,1096.4194,1495.4199,470.46494,35.261845,65.888596,11294.818,77.73754,3.8634338,3.115615,248.28114,81.10762,3693.4321,5026.3213,15.893919,0.86448157,0,5.4752383,,12.382375,1.1457355,4.060578,0,325.47263,1.2074133,0.3406834,39.733795,78.65932,53.022335,46.06742,48.75296,52.99115,1341.0413,1471.6835,4506.6177,64.16271,1680.295,82.573,37619.203,190.63002,,87129.87134
12/31/1995,6.7504992,649.0849,362.542,435.6241,310.114,15.081946,106.550575,30.396948,0.76886094,0.81660175,24.288437,0,1.9727945,19.610172,436.17145,99.32618,0.6294399,70.68784,1301.4706,0,12.322345,1733.1027,360.71124,107.775215,5.0673575,23.721811,18.567055,1.9949573,,18.883196,105.415306,,244.21895,541.8185,37.212368,206.50229,0.62954694,37.433846,2.5421705,5.9704175,6.06716,28.582394,426.20462,889.1665,2156.8594,302.68616,0.06338296,60.89468,8.893143,0,239.96179,1219.8585,1.2405715,789.593,2.0145502,539.27136,387.5474,0,1746.981,0,0.18430308,6.3272033,53.270195,20.955929,0,1105.5588,1609.5884,497.84766,37.59605,60.066338,11466.633,74.36916,2.1242309,2.8663657,253.89717,80.84013,3614.0107,5015.5874,14.64703,0.93098,0,5.4752383,,9.864918,1.1457355,4.756809,0,344.38824,1.0168791,0.4036381,38.619038,78.33727,51.68023,43.17506,47.334103,51.546833,1330.6033,1510.6672,4460.73,88.23681,1806.4308,88.6206,38135.51,193.73741,,88351.24338
12/31/1996,6.430544,686.3133,411.2833,474.6901,326.40598,14.351292,105.837654,26.69324,0.95751476,0.6298761,22.827545,0,1.3187996,21.021433,494.66245,93.999794,0.4418151,68.976265,1342.7246,0,11.055414,1843.5876,387.98355,120.475174,10.132984,21.555996,21.523144,2.8504603,,18.93493,118.206764,,243.37984,524.28046,32.846436,212.2475,0.75752604,37.744995,3.823703,5.5244865,8.191887,26.395294,404.724,892.3267,2170.6436,332.23203,0.12711322,63.40676,9.196627,0,267.03644,1222.6143,1.2439704,797.65686,1.8988171,539.1375,393.02176,0,1888.243,0,0.1848079,5.263776,48.846992,23.52136,0,1121.2941,1798.7454,515.9607,35.519875,62.219257,11591.568,73.482025,1.2672672,3.124151,315.21988,79.68877,3522.4128,5087.378,14.68716,1.0668923,0,5.490239,,6.4189854,2.8721862,5.0877743,0,339.5189,1.2249892,0.34161678,43.918797,77.6378,51.254578,43.099678,50.64865,51.947865,1359.7686,1508.8878,4443.334,88.655495,1921.0215,102.3789,39151.24,196.74644,,90487.51913
12/31/1997,6.1873407,716.0245,424.495,504.57437,346.43536,12.565607,104.98402,30.226498,1.0789236,0.56533974,22.879288,0,0.8548776,20.880402,530.28345,92.58174,0.3776639,78.9666,1403.7892,0,7.6691656,1862.312,405.1625,134.7452,11.852961,21.478973,21.789904,2.2939172,,17.831257,130.35226,,245.20822,509.30096,27.059149,211.59622,1.6842537,35.53043,3.1777134,6.1075516,10.187526,30.728378,413.85355,880.5205,2174.3757,664.58966,0.19014888,69.29147,8.289108,0,299.80975,1222.4785,1.114662,815.15454,2.4138381,544.6961,389.57727,0,1972.6746,0,0,5.89393,45.94366,36.566093,0,1122.7622,1816.9309,522.30286,36.659866,48.084644,12044.444,72.595474,0.6319024,3.738738,386.96454,78.5025,3575.2947,5024.416,13.400143,0.9974787,0,5.4752383,,4.703187,5.15581,3.3838146,0,333.39658,0.96343184,0.35920578,49.89238,74.86783,48.345913,43.45553,62.42984,51.879807,1364.287,1487.2793,4418.8193,91.77233,1994.7681,117.3467,40023.2,206.1437,,92676.90274
12/31/1998,4.2528143,713.91675,418.68,512.04645,328.0255,13.626324,133.15187,28.508625,1.016911,1.0050482,22.925858,0,0.6575982,24.690231,612.65924,89.11289,0.5035519,77.056114,1454.7723,0,7.32563,1862.8933,469.95505,158.15637,12.631624,22.6793,22.381357,2.4934127,,16.893131,134.88626,,237.72815,499.64807,24.209646,195.94223,1.3796564,37.433846,3.1777134,4.379892,15.133011,24.90886,403.50284,862.9521,2218.8591,1211.6783,0.12676592,65.395,8.185909,0,301.74036,1279.338,1.0517074,809.3637,3.4466403,549.05554,395.68912,0,2017.5048,0.064346544,0.06143436,7.1830025,46.89916,30.211271,0,1150.4365,1739.8503,519.99896,35.55584,47.462948,12848.958,70.12506,0.5055219,4.61111,390.20615,76.21139,3539.474,5178.7773,12.153254,0.7979829,0,16.377321,,6.807244,6.874413,4.737341,0,332.8291,0.81385,0.2962511,51.891117,74.39617,47.45505,41.751667,74.07147,49.10252,1413.2999,1542.5217,4281.3467,95.086876,2067.4336,145.375,41034.707,209.352,,95514.80429
12/31/1999,3.7636342,680.686,426.821,484.84152,319.4973,12.057965,161.08713,28.338179,0.95489854,1.1934948,23.03452,0,0.6575982,22.133072,691.94525,103.66081,0.5035519,63.68274,1407.1923,0,6.8725476,1863.3586,508.2989,159.6449,9.473719,18.659256,26.940113,2.7029288,,13.847677,169.45795,,236.48146,481.02844,22.444927,197.41925,1.3850032,34.895958,3.8132558,0.47571656,14.644568,23.425606,402.5608,797.8668,2071.5051,1491.8107,0.12676592,58.324276,7.502417,0,350.42355,1192.7302,0.9940995,778.9636,2.9281695,593.3634,376.96588,0,1924.6742,0.12869309,0.12286872,6.2161975,33.720165,27.526255,0,1073.8617,1740.7052,519.83264,34.846424,58.025257,12426.062,64.13437,0.5687122,5.608107,398.6554,74.187775,3544.452,4751.1567,12.153254,0.5984873,0,19.969946,,3.7622104,36.090668,6.7676296,0,334.38037,0.74617386,0.2962511,56.512978,77.276024,48.829716,37.812798,82.14269,47.584324,1302.896,1594.4614,4101.04,94.203,1849.905,176.97371,40104.688,222.89235,,93249.85514
12/31/2000,3.8285427,776.73285,428.5655,480.87112,431.37653,12.737303,163.62247,28.757025,1.6415212,0.9637105,23.357054,0,0.45498598,21.469662,780.2455,110.308174,0.537121,54.165226,1454.7485,0,6.017878,1891.2705,421.97263,157.21277,7.2813525,17.963364,28.606592,2.443817,,16.410275,206.29353,,251.12022,452.60547,21.568022,160.71356,1.2625434,40.601574,4.460987,3.4124537,13.203452,24.973324,397.32733,835.1533,2229.0667,1497.8922,0.050845403,53.334682,8.149525,0.025578462,410.73672,1278.0026,1.2625434,808.2688,3.7775302,673.17285,390.2037,0,1980.8431,0.11549585,0.1848079,7.8751245,31.06757,24.528986,0,1239.1555,1861.6567,546.8981,35.442253,42.17471,13263.039,60.022717,0.7248769,8.127913,467.28427,73.11781,3798.947,5099.946,10.936246,0.6668076,0.012495899,19.633764,,2.9483926,102.90004,6.786171,0,326.75964,0.62401414,0.23999284,82.92943,76.43616,42.589058,33.795773,84.666405,46.192345,1413.3167,1468.2295,4042.3733,87.64368,1864.1425,192.45325,41844.168,243.5132,,97625.31081
12/31/2001,4.017897,764.68414,425.0765,510.89627,399.1475,12.9451475,174.20578,28.016886,2.1832561,0.798385,23.293238,0,0.4603187,23.977875,816.74133,115.7335,0.37955242,48.81064,1467.3573,0,6.355502,1916.9729,369.97833,145.88966,6.9473934,16.929045,34.223587,2.4413176,,15.106556,197.22864,,254.79749,437.2891,20.827354,152.14458,1.2590938,41.153755,4.448798,3.5140383,13.422065,24.546852,397.4785,792.8739,2207.4316,1440.6339,0.050706368,47.642704,8.170054,0.025519794,466.25833,1238.9849,1.2590938,779.8012,6.015321,716.74915,378.97498,0,2045.3356,0.12997994,0.24573743,6.524966,26.584063,22.810093,0,1224.6005,1881.2806,545.39197,39.247158,40.52146,12812.12,58.586086,5.3460674,9.179541,465.19556,72.54794,4090.0337,4974.1143,10.282921,0.6649857,0.008741263,19.417372,,4.392919,119.73402,6.7676296,0,347.75262,0.66426855,0.20523225,90.50177,73.56447,38.94887,30.71161,90.07435,46.510456,1377.1503,1356.9696,4006.665,83.88138,1896.0684,198.83812,41841.914,249.26254,,97177.29833
12/31/2002,4.2939925,824.4972,518.698,503.27728,396.66782,13.379959,178.33441,27.963057,3.850836,0.6281551,22.982775,0,0.5260785,24.719767,914.1956,119.65385,0.46578553,44.46277,1546.8191,0,6.0710645,1940.6516,354.0521,140.1276,7.5789747,16.231567,32.3727,3.554485,,14.266728,210.26389,,245.08144,433.1078,20.196848,148.66035,0.93172944,43.691452,4.448798,2.3962293,11.457478,19.42995,409.86447,736.5128,2083.1982,1208.0497,0.06338296,64.32849,8.0710945,0.012759896,549.7617,1148.5774,0.9569113,750.7623,5.565195,766.6959,397.95853,0,2068.0566,0.24516045,0.15972929,9.761147,39.303806,21.127888,0,1104.9845,1830.0901,511.8564,41.982384,33.109592,12036.175,56.960037,6.2255025,8.30034,434.17203,70.61736,4462.3774,4536.3174,9.659477,0.6649857,0.008741263,15.52529,,3.9667668,135.30247,6.7676296,0,380.76596,0.6365042,0.19453005,99.43188,84.65373,40.542183,29.863188,95.4823,46.95478,1267.8835,1348.4318,3976.3623,84.12793,1775.8738,200.17557,41337.14,250.62747,,95393.23322
12/31/2003,4.5343103,918.8281,498.14465,501.18347,343.3505,12.915853,178.84615,28.27699,3.850836,0.6281551,22.915508,0,0.2630393,22.278803,948.01917,122.04537,0.3776639,42.667435,1635.5128,14.391079,6.099501,1972.2737,331.38788,128.00389,12.000042,16.172432,37.760334,4.323318,,13.847677,208.56364,0,261.2883,431.15292,17.617327,159.11304,1.7627314,45.87152,4.448798,2.005513,14.004358,19.778696,411.56244,670.43884,2350.3044,767.865,0.038029775,64.78059,8.253917,0.012759896,598.34375,1344.474,0.8687748,811.5366,4.884025,778.3998,411.86304,0,2188.7676,0.3223763,0.12286872,9.747181,39.33078,16.157759,0,1304.6278,1783.962,467.8142,39.41697,30.311947,12958.206,55.029415,8.708247,9.119789,509.2333,68.5007,4951.0513,5355.6123,9.347755,0.8345572,0.00624795,21.237904,,4.08249,150.166,6.7676296,0,366.92746,0.64309824,0.2216004,116.088844,89.189865,36.8671,28.900822,101.2973,49.47297,1467.5858,1233.6282,3867.6333,83.37199,1715.151,209.97966,43173.34,246.91525,,99985.83084
12/31/2004,4.5304875,971.6982,634.8,477.1305,299.85922,13.057341,179.78816,28.415817,3.817906,0.6298761,22.936207,0,0,32.853367,940.91486,120.05514,0.6311644,42.138783,1688.1901,102.74561,5.696394,2024.2131,324.48898,133.39854,16.4661,14.993003,39.76008,4.05368,,13.307911,221.63766,29.704065,329.50937,405.19684,17.054247,158.96667,1.2625434,43.199608,4.460987,1.9347754,12.64893,21.620981,422.57605,646.04767,2428.724,1162.3728,0.04766746,63.324295,8.909842,0.012789231,691.95593,1433.8256,0.8837804,889.9973,3.855808,775.5501,422.25116,0,2210.1963,0.3800396,0.12320546,12.996059,36.776207,13.807153,0,1414.9651,1747.0891,446.93564,40.80012,27.437,14287.487,54.542706,15.84084,10.412129,580.2947,66.34915,5388.0737,5731.1167,9.060789,0.57212096,0.003754636,36.50136,,3.7215195,167.2401,6.786171,0,273.18494,0.55521303,0.15781793,113.605606,82.83301,38.87909,27.216238,107.22861,53.91576,1526.739,1109.1997,3783.905,76.95571,1978.9579,237.41481,45335.406,232.37947,,105626.1445
12/31/2005,4.7253494,1005.2701,726.1117,457.86237,294.55624,11.751431,258.35114,26.620308,3.8074741,0.6281551,22.034143,0,0,33.760395,1034.8539,117.379524,0.6294399,52.42049,1659.3553,105.92504,5.324013,2109.1343,322.2988,146.158,24.631666,13.960077,35.776653,4.101049,,12.430144,215.35074,53.884445,332.34912,385.7355,14.815956,156.9819,1.2590938,42.46269,3.8132558,1.6930841,10.921934,18.928522,406.17773,624.7098,2417.5408,1045.9281,0.06338296,71.06747,9.715609,0.012759896,715.0833,1516.6808,1.2590938,953.26874,2.7611928,756.25836,397.20566,0,2168.8948,0.35390615,0.08600816,12.977777,29.305637,13.673348,0,1408.9027,1609.9893,441.93256,41.995144,24.181631,14842.804,61.89305,15.79756,9.910216,611.25684,63.232307,5522.1504,6008.3857,8.513365,0.46549013,0.003109308,23.823244,,1.9141665,168.24004,6.7676296,0,251.98462,0.38991958,0.17584194,138.73035,94.30742,39.565258,27.94196,113.1599,55.212765,1588.1108,985.30664,3593.5337,63.37187,1970.2279,219.67908,45723.043,230.10867,,106838.0859
12/31/2006,5.226551,1002.5293,798.73517,458.60773,268.95715,12.167131,375.27222,27.0793,3.8074741,0.64915085,22.034143,1.3845885,0,32.77113,1093.6329,125.68926,0.6294399,55.023632,1756.1113,93.542015,4.255251,2148.8252,323.0626,165.13911,39.15803,12.771262,35.348854,3.543554,,12.588797,195.8336,57.628918,334.6428,385.67053,13.978561,140.49571,0.62954694,42.860752,3.8132558,1.1663855,12.826514,18.030178,419.20334,584.1274,2449.531,1139.9895,0.06338296,67.237335,9.812046,0.012759896,755.9872,1555.5902,1.2590938,1023.07214,2.3123262,745.00073,374.1982,19.194254,2123.0002,0.6640565,0.12286872,14.917436,24.336464,12.570502,0,1343.7993,1498.5483,420.76874,42.019653,29.112955,14689.6455,64.431206,15.79756,9.338308,659.2999,58.103477,5655.1367,5918.9785,9.501662,0.41229105,0.003109308,15.692252,,1.8531302,204.03307,7.849922,0,236.34837,0.28705165,0.18886408,151.06125,95.15004,37.93706,26.97433,116.1837,57.286633,1693.9802,890.60034,3541.373,63.36606,1990.3898,199.39636,46130.555,211.07729,,107494.8023
12/31/2007,4.3332653,1005.7857,944.1738,444.4343,286.4461,12.468643,504.27567,27.0793,3.8074741,0.6963056,22.034143,1.8400156,0,33.163345,1109.1145,110.43322,0.6294399,52.746758,1810.4688,87.68518,3.3066273,2166.8809,325.31995,133.55975,32.842224,11.738172,34.592518,3.3249285,,13.945972,176.41371,57.066074,319.31387,393.21033,12.933574,142.59537,0.62954694,42.07679,3.8132558,0.7909171,10.071515,15.454965,423.80887,556.3172,2480.1643,1222.1901,0.06338296,68.14642,10.175909,0.012759896,780.6731,1512.2474,0.62954694,1041.9012,1.9434112,776.38873,387.66705,9.3979025,2003.0498,1.4986312,0.13515547,13.732548,33.00993,25.672266,0,1246.2552,1377.3876,405.1641,45.26719,23.090038,14433.082,63.79315,15.558893,8.512031,668.2696,55.18435,5783.959,5686.37,9.501662,0.3191931,0.003109308,12.71208,,1.7005395,276.76138,9.160512,0,226.50336,0.2193752,0.17520718,159.3455,83.64878,52.86998,26.234587,119.44011,56.21276,1670.5735,890.5683,3546.8767,59.961952,1927.5015,188.41763,46036.695,185.4388,,107063.0572
12/31/2008,4.061396,985.77057,1073.3398,439.66977,285.7068,12.224066,527.1751,27.153488,3.610631,0.6928636,22.094511,2.1592705,0,27.327057,1152.7557,99.55133,0.6311644,51.93197,1782.1812,77.81223,3.7009075,2214.8127,360.95447,141.85997,37.469894,10.878271,35.858883,3.2775595,,12.596558,163.23248,57.22242,316.20746,403.03033,12.75754,139.50262,0.6312717,38.172615,3.823703,0.63621026,9.912218,15.901857,439.5326,574.8375,2505.3982,1387.679,0.06355661,60.97303,10.568743,0.012789231,821.9061,1584.2684,0.6312717,1026.257,1.8938153,740.6838,390.62015,8.066875,1824.7035,2.0698926,0.11088468,13.893804,26.812109,36.27884,0,1229.331,1331.0986,431.13528,41.34996,24.894283,15362.301,66.30551,15.556652,8.851761,750.18787,54.88197,5748.177,5930.9995,9.527694,0.28005922,0.003138641,11.393913,,1.6547621,262.48993,10.750723,0,228.28531,0.20029637,0.14850233,168.27225,80.086205,48.31102,26.679838,123.33614,52.397133,1689.2214,834.9041,3514.8438,57.202156,1928.7676,176.35732,46524.33,172.09631,,108932.1607
12/31/2009,3.5971837,898.23145,1000.60815,395.9278,280.429,12.30392,591.57855,27.0793,3.187349,0.4805386,20.77505,2.4470804,0,24.398046,1232.6158,95.62808,0.6294399,48.974644,1781.1637,71.9554,4.057024,2203.7688,410.77594,163.89842,36.516293,12.041919,33.01549,2.8275557,,13.847677,150.0611,54.09395,303.71646,410.0738,11.874815,139.94995,0.62954694,34.895958,3.8132558,0.7408546,8.602092,15.696465,441.89346,562.9781,2409.9597,1392.5465,0.06338296,53.18491,9.765073,0.012759896,889.495,1407.5665,0.62954694,950.17206,1.2590938,736.1694,369.8451,7.049294,1705.7043,3.2964737,0.09829492,11.749497,20.94661,33.759583,0,1242.6493,1260.4038,461.24155,40.465054,23.741343,14402.349,80.166306,22.116583,7.7301397,725.67804,52.31174,5830.85,5338.2544,10.125106,0.13299714,0.003109308,4.91143,,1.4462215,272.2339,10.828207,0,224.76598,0.1990723,0.13723783,174.30222,79.109535,45.51982,29.563433,126.4181,49.234146,1498.1176,793.14905,3751.6802,51.325226,1812.6816,193.26735,45365.8,167.21411,,105665.1754
12/31/2010,7.3200116,858.0033,1034.2383,387.02927,286.53317,12.653929,596.8202,26.160435,3.1875362,0.62814486,18.886393,2.6078968,0,25.37323,1298.3738,97.98434,0.62942606,41.39375,1868.1315,74.46547,6.498234,2361.053,481.3789,186.5655,27.68572,11.420106,36.279514,2.3885956,,13.217947,141.38098,50.211895,303.7297,407.3989,11.8335285,135.41739,0.62954634,31.088657,4.568942,1.4811335,7.611065,13.941304,479.662,565.4801,2465.9385,1405.0623,0.06338149,59.37955,9.320622,0.012759896,926.7331,1435.0907,0.62954634,983.7359,1.2590928,720.8732,384.60764,5.160542,1693.3341,3.8453496,0.12286227,13.195808,17.518686,33.050507,0,1419.1029,1146.6089,490.8049,42.071243,18.486504,14931.417,84.63671,20.851503,8.043809,824.8058,49.85781,5958.2305,5388.1865,12.618789,0.13300331,0.003109308,4.604446,,1.5919201,264.7055,10.827493,0,215.50005,0.17808183,0.1353526,177.12204,72.47567,44.58942,30.926998,129.44191,43.91667,1561.2549,732.2435,3874.478,46.95539,1696.0616,177.42728,46264.992,166.20221,,107991.7663
12/31/2011,10.473276,833.5803,954.0293,362.6855,249.01212,13.207511,536.0849,26.619427,3.1875362,0.62814486,18.886393,2.45352,0,26.118813,1326.1354,94.01258,0.62942606,39.266922,1978.6213,69.44532,6.5450997,2359.4421,560.6426,178.15218,25.00523,10.34823,37.64855,2.0515323,,12.690264,127.23942,47.788536,311.79193,402.38626,11.673422,137.21002,0.62954634,32.357582,48.626846,1.11085,6.969347,12.44294,498.74335,538.5468,2471.7043,1579.3668,0.24718738,61.7427,8.942041,0.011469241,931.1083,1638.5555,0.62954634,283.01987,1.2590928,551.484,344.99838,4.8504972,1680.7505,4.49351,0.12286227,12.983905,18.900698,28.473864,4.261659,1376.2834,1085.8439,502.56876,42.696293,17.50626,15860.055,81.0358,21.483368,7.7809167,904.16223,49.10186,6041.363,6079.007,11.268389,0.13300331,0.003109308,4.91143,,1.3410105,166.70581,10.827493,0,197.11725,0.1442458,0.1353526,183.92622,68.34508,39.69319,29.263466,133.8613,41.457455,1737.4958,604.4393,4028.8867,43.463383,1645.7238,179.43927,46622.28,118.21562,,109480.9925
12/31/2012,11.396137,781.67554,991.99084,358.6779,246.37004,12.799691,508.67645,30.93944,2.9889822,0.6298658,18.938135,1.9923925,0,30.219255,1306.8228,90.57037,0.63115054,40.23001,2127.2776,61.74777,6.3684087,2412.9692,579.90173,165.62729,24.013674,9.265192,35.74502,2.0005171,,12.623009,116.0673,45.488697,315.15106,403.86438,10.710633,128.77348,0.6312711,32.44623,49.934498,1.0621743,6.7453876,12.426475,494.85077,518.4984,2098.9683,1759.7953,0.24786466,62.76026,8.62069,0.014079887,921.381,1790.6489,0.6312711,843.9602,1.2625422,327.441,349.7088,4.13427,1673.2366,6.4100266,0.08623931,13.019478,17.582933,26.040192,12.732794,1353.362,1012.3336,523.3463,45.914467,16.452002,16099.361,79.84143,19.007847,8.373278,952.5738,46.31066,6125.9355,6387.4927,10.309306,0.13336793,0.003138641,4.8717856,17.831106,1.8631738,59.22879,10.744062,0,93.95683,0.14531969,0.13493167,200.86676,60.269722,39.64667,28.714798,139.4437,41.746567,1801.5314,518.2424,4597.0796,38.810474,1620.3497,197.64255,47921.215,94.67652,,112098.1842
12/31/2013,11.481211,753.43787,990.9448,351.06256,204.80865,10.872061,509.91736,34.801815,2.5673738,0.62814486,18.886393,1.8401399,0,34.112938,1281.0779,76.48024,0.62942606,39.964817,2272.614,55.358665,5.8903904,2441.8267,618.5938,143.32234,23.36994,9.342075,34.225952,1.9950514,,12.588521,100.9822,45.229164,328.46353,399.61905,10.525139,123.92525,0.62954634,32.715664,62.22746,0.79098076,6.3588567,12.255373,490.85788,492.70227,1973.2856,1767.0059,0.24718738,63.983097,8.5062685,0.014021221,951.18286,1761.1348,0.62954634,573.9842,1.2590928,316.31778,333.95056,4.231632,1652.5209,9.041653,0.09828993,12.983905,18.477587,22.29019,12.698005,1271.8242,964.4767,535.9359,51.974457,13.784287,15857.977,85.06722,22.115232,11.978651,949.98724,48.04353,6189.7603,6261.744,11.215439,0.13300331,0.003109308,4.6575456,57.131416,4.5401087,67.51441,10.150774,0,31.24378,0.14492251,0.12968662,198.80962,59.410603,36.37864,29.587759,145.02611,38.449615,1879.6893,472.7175,5218.0586,36.834316,1602.3983,196.68423,47986.426,105.0695,,111990.8396
12/31/2014,13.842922,799.80676,968.5163,346.41473,216.3719,11.523707,494.42505,36.207516,2.5673738,0.62814486,18.886393,1.1149787,0,36.07612,1424.1478,71.56504,0.62942606,47.76202,2439.7065,54.240368,5.033178,2458.9192,606.6536,149.92778,22.73832,9.031211,34.225952,1.9950514,,12.588521,94.55666,42.36179,346.92267,408.6805,10.106799,122.473495,0.62954634,30.509819,66.74416,0.73709005,6.4003654,10.978898,484.2957,476.3889,2024.1608,1846.9589,0.24718738,67.04618,8.096639,0.014021221,940.004,1747.1171,0.62954634,283.58258,1.2590928,309.0195,346.53543,3.7631056,1597.3098,13.054644,0.09828993,12.7101965,23.303436,26.081182,12.698005,1270.0397,988.1589,537.5265,60.015533,21.221651,16186.569,87.706795,24.010824,11.999136,928.8421,47.12476,6250.2017,6324.668,10.963316,0.13300331,0.003109308,4.3057585,88.99592,3.8670604,68.51756,10.150774,0,16.979202,0.14492251,0.12968662,196.39471,58.77991,33.76189,30.501036,149.44551,34.17073,1895.0093,464.36172,6102.5527,33.343815,1610.8744,184.37039,49112.78,80.286446,,114579.9294
12/31/2015,13.609896,781.8267,1025.3318,349.43137,195.42087,11.089276,488.69147,37.14905,2.5673738,0.62814486,16.421675,1.22676,0,38.62841,1537.4033,71.83905,0.62942606,62.40904,2512.9456,67.56121,4.318653,2495.3328,615.9615,138.78883,18.31698,8.673858,34.225952,1.8857336,,12.588521,89.43252,35.41536,338.5331,412.06253,10.66351,124.00364,0.503292,30.494177,65.05171,0.6831989,6.3921857,11.316193,478.84055,471.94174,2096.2253,2275.0127,0.24718738,63.61849,7.7782335,0.014021221,924.07794,1724.1124,0.62954634,237.89433,1.2590928,258.92682,374.35437,3.2889223,1485.5498,14.913316,0.09828993,9.761205,22.190147,26.669409,8.888603,1228.846,1019.21277,558.5997,57.67354,31.578371,17073.48,76.00684,15.242632,11.4750595,899.8932,46.55489,6333.144,6606.238,13.139374,0.13300331,0.003109308,4.3057585,84.63416,2.8786798,62.47819,11.50421,0,13.930833,0.14492251,0.114336014,204.66713,56.10478,30.552011,31.037432,153.8649,30.504324,2036.3232,526.6963,6595.9434,31.727688,1716.8069,199.67548,50762.11,30.322422,,118713.2946
12/31/2016,15.398286,795.6897,997.48224,332.97617,178.54611,9.799419,481.803,35.98855,2.5744076,0.6298658,20.621525,1.230121,0,40.733498,1589.9032,68.595314,0.63115054,58.748592,2545.1667,71.3618,3.1906345,2322.3364,544.14105,138.25708,31.034172,8.957631,34.205326,1.5559578,,12.623009,80.53047,28.175007,342.77148,393.50104,10.533187,128.48758,0.25250837,29.638956,62.68366,2.0183053,5.7314787,12.577218,472.0089,496.00772,2513.76,2530.7146,0.24786466,43.723183,6.197832,0.014079887,907.50867,1776.3003,0.6312711,224.76328,1.2625422,181.41998,387.3148,3.0398915,1413.2421,15.115269,0.0985592,9.787949,14.757731,22.911379,8.276316,1061.333,1050.2723,573.547,54.909622,33.704975,18235.395,68.0217,12.671898,12.56077,902.2269,44.217262,6495.112,6823.4634,12.969845,0.13336793,0.003138641,2.7119992,78.520805,1.6546475,57.240364,11.535729,0,12.807587,0.14531969,0.1136288,210.82658,50.37355,29.144781,31.756136,153.2834,28.340725,2112.0898,551.78046,6312.184,30.417183,1541.6309,180.39293,50904.277,18.729792,,120170.6855
12/31/2017,,775.1163,949.0655,316.80292,161.66644,,454.60855,,,,,,,,1658.9243,63.8205,,,2751.9355,60.108273,,2227.2148,523.1395,160.49629,,,,,,,78.35093,,331.18875,374.23016,,121.986275,,,,,,,470.28488,476.2169,2697.5283,2586.301,,48.243526,,,1002.44324,1685.9868,,508.87445,,231.4552,382.0993,,1274.4688,,,,,,,1097.865,1033.6267,553.1735,,,,66.21478,,,869.83575,42.26342,6495.898,6504.885,,,,,84.326416,,40.109055,,,12.546561,,,204.25745,50.93855,24.620712,,151.82965,,2034.374,542.3107,6678.5654,32.17584,1320.5935,161.0755,50996.598,34.3649,,101405.0058
12/31/2018,,759.81116,861.6136,320.31754,170.74864,,455.87622,,,,,,,,1635.2148,62.94827,,,2997.575,70.548904,,2201.8381,530.1477,196.91173,,,,,,,65.673004,,322.4165,381.97574,,112.33555,,,,,,,459.93576,459.30032,2554.3416,2640.1548,,54.477234,,,1050.881,1707.8542,,638.98944,,255.0609,378.3237,,1190.9146,,,,,,,1119.5613,968.9926,556.1946,,,,68.12629,,,873.32007,41.60051,6604.5015,6708.389,,,,,82.66252,,42.506786,,,12.22353,,,197.32396,45.36544,23.818241,,145.47968,,2046.3977,591.6227,7788.5522,33.62134,980.3719,144.3283,52190.7,47.119156,,103848.9653
12/31/2019,,748.15796,803.5187,335.34912,223.93333,,441.87488,,,,,,,,1758.4464,68.62962,,,3064.065,77.494965,,2228.6338,542.61224,200.34785,,,,,,,58.35043,,330.99576,369.97357,,126.49545,,,,,,,435.97647,443.7854,1844.6189,2723.98,,49.759743,,,1053.1604,1667.5315,,672.34863,,282.05576,355.42764,,1104.8539,,,,,,,1175.3026,927.94086,550.4265,,,,71.00466,,,840.89795,41.48421,6668.512,6472.84,,,,,98.25599,,41.34308,,,17.568169,,,196.86758,42.569534,21.85277,,142.0372,,2092.2188,602.63995,8736.102,35.016697,613.4516,133.07278,52092.734,47.393547,,103673.9099
12/31/2020,,670.1788,750.9674,321.65402,222.27069,,407.35587,,,,,,,,1853.1815,62.556503,,,2931.024,77.326004,,2265.1636,479.76053,183.19785,,,,,,,40.940006,,299.63,361.30188,,120.77915,,,,,,,408.77762,422.96628,1678.9973,2349.7002,,62.729664,,,996.1863,1525.7699,,232.69873,,274.89307,328.5853,,1106.1436,,,,,,,1027.885,1071.5087,536.27155,,,,63.575005,,,833.2996,40.20491,6098.4463,6042.749,,,,,94.508026,,36.401024,,,22.843414,,,176.03467,39.91337,20.196907,,120.96258,,1929.9459,569.6986,8295.474,32.348892,390.38104,116.57796,48560.844,43.814594,,96598.62081
12/31/2021,,676.866,664.31494,338.25745,214.22488,,410.12033,,,,,,,,1824.239,60.529842,,,3100.7773,71.14674,,2312.986,451.0527,162.84421,,,,,,,37.643425,,294.76086,344.26385,,105.20508,,,,,,,394.94897,392.77612,1963.0627,2335.6458,,56.292686,,,998.75885,1510.924,,693.7266,,289.46396,302.87668,,1122.1359,,,,,,,911.4743,1091.7832,544.56946,,,,61.69799,,,846.9084,38.63486,6266.0537,5989.718,,,,,87.407585,,36.712654,,,53.479633,,,163.69745,40.58855,24.66186,,134.63464,,1900.77,475.24493,8317.922,33.35833,399.6155,110.02213,49192.05,40.717346,,97891.56739
12/31/2022,,740.2434,671.88135,381.5427,203.44319,,387.3922,,,,,,,,1896.3617,52.189007,,,3186.427,75.57923,,2380.8936,461.86255,160.0586,,,,,,,37.03992,,299.7995,347.97958,,110.914566,,,,,,,384.05682,365.30237,2053.1738,2573.8372,,51.8587,,,978.53656,1694.665,,593.3383,,284.55304,296.88028,,1136.0168,,,,,,,802.53613,1034.5089,598.33356,,,,62.660515,,,861.59503,36.30886,6379.2515,6665.056,,,,,80.803566,,35.488167,,,53.077442,,,134.91685,39.383175,21.417957,,135.10408,,2106.3857,421.4849,8832.521,33.09084,433.86914,108.65535,51255.57,39.60465,,101977.4503
