date,price
1/2/2003,30.05
1/3/2003,30.83
1/6/2003,30.71
1/7/2003,29.72
1/8/2003,28.86
1/9/2003,29.51
1/10/2003,29.82
1/13/2003,29.82
1/14/2003,30.21
1/15/2003,30.66
1/16/2003,30.87
1/17/2003,31.02
1/20/2003,31.21
1/21/2003,30.9
1/22/2003,30.89
1/23/2003,30.18
1/24/2003,30.56
1/27/2003,30.16
1/28/2003,29.83
1/29/2003,30.3
1/30/2003,30.58
1/31/2003,30.71
2/3/2003,30.29
2/4/2003,29.98
2/5/2003,30.52
2/6/2003,30.77
2/7/2003,31.25
2/10/2003,31.38
2/11/2003,31.35
2/12/2003,31.3
2/13/2003,31.91
2/14/2003,32.33
2/17/2003,31.9
2/18/2003,31.85
2/19/2003,31.95
2/20/2003,31.48
2/21/2003,31.84
2/24/2003,32.44
2/25/2003,32.73
2/26/2003,32.49
2/27/2003,32.48
2/28/2003,32.63
3/3/2003,31.63
3/4/2003,32.12
3/5/2003,32.29
3/6/2003,32.5
3/7/2003,32.79
3/10/2003,33.11
3/11/2003,32.54
3/12/2003,32.74
3/13/2003,32.42
3/14/2003,30.98
3/17/2003,29.8
3/18/2003,27.69
3/19/2003,27.12
3/20/2003,26.51
3/21/2003,24.81
3/24/2003,25.7
3/25/2003,26.84
3/26/2003,25.54
3/27/2003,26.66
3/28/2003,27.23
3/31/2003,27.22
4/1/2003,26.8
4/2/2003,25.76
4/3/2003,26
4/4/2003,25.38
4/7/2003,24.91
4/8/2003,25.33
4/9/2003,25.59
4/10/2003,25.4
4/11/2003,24.96
4/14/2003,25.35
4/15/2003,25.56
4/16/2003,25.71
4/17/2003,26.25
4/21/2003,26.64
4/22/2003,26.24
4/23/2003,25.14
4/24/2003,23.97
4/25/2003,24.4
4/28/2003,23.64
4/29/2003,23.27
4/30/2003,23.72
5/1/2003,23.85
5/2/2003,23.84
5/5/2003,23.99
5/6/2003,23.92
5/7/2003,23.89
5/8/2003,24.44
5/9/2003,25.14
5/12/2003,25.32
5/13/2003,25.41
5/14/2003,26.13
5/15/2003,26.21
5/16/2003,26.24
5/19/2003,26.53
5/20/2003,26.1
5/21/2003,26.64
5/22/2003,26.53
5/23/2003,26.85
5/26/2003,26.87
5/27/2003,26.48
5/28/2003,26.49
5/29/2003,26.27
5/30/2003,26.71
6/2/2003,27.1
6/3/2003,27.09
6/4/2003,26.72
6/5/2003,26.77
6/6/2003,27.3
6/9/2003,27.53
6/10/2003,27.51
6/11/2003,27.86
6/12/2003,27.48
6/13/2003,26.7
6/16/2003,26.44
6/17/2003,26.37
6/18/2003,25.88
6/19/2003,25.6
6/20/2003,26.34
6/23/2003,26.54
6/24/2003,26.26
6/25/2003,26.58
6/26/2003,26.62
6/27/2003,26.55
6/30/2003,27.11
7/1/2003,27.19
7/2/2003,27.31
7/3/2003,27.6
7/4/2003,27.19
7/7/2003,27.04
7/8/2003,26.83
7/9/2003,27.43
7/10/2003,27.98
7/11/2003,28.14
7/14/2003,28.02
7/15/2003,27.98
7/16/2003,27.87
7/17/2003,27.93
7/18/2003,28.23
7/21/2003,27.98
7/22/2003,27.17
7/23/2003,27
7/24/2003,27.23
7/25/2003,27.38
7/28/2003,27.02
7/29/2003,27.18
7/30/2003,27.31
7/31/2003,27.52
8/1/2003,28.21
8/4/2003,28.66
8/5/2003,28.8
8/6/2003,28.88
8/7/2003,29.07
8/8/2003,29.22
8/11/2003,29.02
8/12/2003,28.97
8/13/2003,28.61
8/14/2003,28.02
8/15/2003,28.42
8/18/2003,28.32
8/19/2003,27.94
8/20/2003,28.02
8/21/2003,28.73
8/22/2003,29.17
8/25/2003,29.01
8/26/2003,29.04
8/27/2003,28.77
8/28/2003,28.8
8/29/2003,28.9
9/1/2003,28.62
9/2/2003,27.52
9/3/2003,26.86
9/4/2003,26.69
9/5/2003,26.35
9/8/2003,26.41
9/9/2003,26.44
9/10/2003,26.52
9/11/2003,26.48
9/12/2003,25.94
9/15/2003,25.79
9/16/2003,25.59
9/17/2003,25.16
9/18/2003,24.9
9/19/2003,24.82
9/22/2003,24.82
9/23/2003,25.14
9/24/2003,25.59
9/25/2003,26.37
9/26/2003,26.11
9/29/2003,26.38
9/30/2003,26.82
10/1/2003,27.08
10/2/2003,27.6
10/3/2003,27.85
10/6/2003,28.19
10/7/2003,28.11
10/8/2003,27.99
10/9/2003,28.6
10/10/2003,29.88
10/13/2003,29.75
10/14/2003,29.78
10/15/2003,29.66
10/16/2003,29.74
10/17/2003,28.89
10/20/2003,28.4
10/21/2003,28.4
10/22/2003,28.16
10/23/2003,28.1
10/24/2003,28.23
10/27/2003,28.12
10/28/2003,27.77
10/29/2003,27.58
10/30/2003,26.98
10/31/2003,27.17
11/3/2003,27.19
11/4/2003,26.77
11/5/2003,27.49
11/6/2003,27.84
11/7/2003,28.3
11/10/2003,28.58
11/11/2003,28.63
11/12/2003,28.63
11/13/2003,28.94
11/14/2003,29.26
11/17/2003,28.9
11/18/2003,29.21
11/19/2003,29.79
11/20/2003,29.45
11/21/2003,29.41
11/24/2003,28.29
11/25/2003,27.98
11/26/2003,28.15
11/27/2003,28.39
11/28/2003,28.45
12/1/2003,27.92
12/2/2003,28.43
12/3/2003,28.68
12/4/2003,29.02
12/5/2003,28.69
12/8/2003,29.47
12/9/2003,29.73
12/10/2003,29.64
12/11/2003,29.42
12/12/2003,29.9
12/15/2003,30.04
12/16/2003,30.34
12/17/2003,30.45
12/18/2003,30.73
12/19/2003,30.71
12/22/2003,29.62
12/23/2003,29.13
12/24/2003,29.91
12/29/2003,29.53
12/30/2003,29.73
12/31/2003,29.87
1/2/2004,29.41
1/5/2004,29.85
1/6/2004,30.33
1/7/2004,30.23
1/8/2004,30.41
1/9/2004,30.88
1/12/2004,30.96
1/13/2004,31.08
1/14/2004,30.53
1/15/2004,30.37
1/16/2004,30.27
1/19/2004,30.73
1/20/2004,31.01
1/21/2004,30.74
1/22/2004,30.71
1/23/2004,30.74
1/26/2004,30.17
1/27/2004,29.99
1/28/2004,29.49
1/29/2004,28.98
1/30/2004,28.68
2/2/2004,29.06
2/3/2004,29.19
2/4/2004,28.55
2/5/2004,28.2
2/6/2004,28.2
2/9/2004,28.09
2/10/2004,28.75
2/11/2004,29.13
2/12/2004,28.96
2/13/2004,29.74
2/16/2004,29.72
2/17/2004,30.08
2/18/2004,30.52
2/19/2004,30.44
2/20/2004,30.17
2/23/2004,30.2
2/24/2004,30.55
2/25/2004,30.89
2/26/2004,31
2/27/2004,31.13
3/1/2004,31.82
3/2/2004,32.48
3/3/2004,31.82
3/4/2004,32.05
3/5/2004,32.75
3/8/2004,32.59
3/9/2004,32.3
3/10/2004,31.67
3/11/2004,31.95
3/12/2004,31.94
3/15/2004,32.3
3/16/2004,32.59
3/17/2004,32.95
3/18/2004,33.03
3/19/2004,33.01
3/22/2004,32.46
3/23/2004,32.83
3/24/2004,32.85
3/25/2004,31.93
3/26/2004,31.57
3/29/2004,31.13
3/30/2004,31.7
3/31/2004,31.49
4/1/2004,30.79
4/2/2004,30.18
4/5/2004,29.9
4/6/2004,30.22
4/7/2004,31.32
4/8/2004,32.37
4/12/2004,32.92
4/13/2004,32.6
4/14/2004,32.1
4/15/2004,32.54
4/16/2004,32.85
4/19/2004,32.89
4/20/2004,32.45
4/21/2004,32.15
4/22/2004,32.5
4/23/2004,32.58
4/26/2004,32.87
4/27/2004,33.32
4/28/2004,33.67
4/29/2004,33.33
4/30/2004,33.99
5/3/2004,34.13
5/4/2004,34.71
5/5/2004,35.3
5/6/2004,35.88
5/7/2004,36.12
5/10/2004,35.42
5/11/2004,35.57
5/12/2004,36.74
5/13/2004,36.93
5/14/2004,37.67
5/17/2004,37.72
5/18/2004,36.93
5/19/2004,37.12
5/20/2004,37.44
5/21/2004,36.4
5/24/2004,37.05
5/25/2004,37.36
5/26/2004,36.99
5/27/2004,36.02
5/28/2004,36.01
5/31/2004,36.17
6/1/2004,37.64
6/2/2004,36.8
6/3/2004,35.86
6/4/2004,34.94
6/7/2004,34.64
6/8/2004,34.45
6/9/2004,33.91
6/10/2004,34.59
6/11/2004,34.59
6/14/2004,34.29
6/15/2004,33.72
6/16/2004,33.93
6/17/2004,34.69
6/18/2004,35.19
6/21/2004,34.65
6/22/2004,34.36
6/23/2004,34.24
6/24/2004,34.1
6/25/2004,33.95
6/28/2004,33.07
6/29/2004,32.5
6/30/2004,32.68
7/1/2004,34
7/2/2004,34.75
7/5/2004,34.88
7/6/2004,35.58
7/7/2004,35.47
7/8/2004,35.91
7/9/2004,36.05
7/12/2004,35.83
7/13/2004,35.13
7/14/2004,35.79
7/15/2004,36.58
7/16/2004,36.81
7/19/2004,36.89
7/20/2004,36.49
7/21/2004,36.16
7/22/2004,36.6
7/23/2004,36.96
7/26/2004,37.02
7/27/2004,37.27
7/28/2004,37.95
7/29/2004,37.94
7/30/2004,38.69
8/2/2004,39.04
8/3/2004,39.33
8/4/2004,39.29
8/5/2004,39.55
8/6/2004,39.67
8/9/2004,40.04
8/10/2004,40
8/11/2004,40.08
8/12/2004,40.76
8/13/2004,41.33
8/16/2004,41.7
8/17/2004,41.75
8/18/2004,42.07
8/19/2004,42.6
8/20/2004,43.16
8/23/2004,42.27
8/24/2004,41.43
8/25/2004,40.45
8/26/2004,39.02
8/27/2004,39.05
8/30/2004,38.48
8/31/2004,38.15
9/1/2004,38.81
9/2/2004,39.68
9/3/2004,39.12
9/6/2004,38.66
9/7/2004,38.13
9/8/2004,38.19
9/9/2004,38.74
9/10/2004,38.82
9/13/2004,38.3
9/14/2004,39.07
9/15/2004,39.02
9/16/2004,38.44
9/17/2004,39.5
9/20/2004,40.2
9/21/2004,40.71
9/22/2004,41.75
9/23/2004,42.27
9/24/2004,42.31
9/27/2004,42.9
9/28/2004,43.54
9/29/2004,43.13
9/30/2004,43.39
10/1/2004,43.29
10/4/2004,43.28
10/5/2004,43.8
10/6/2004,44.26
10/7/2004,45.08
10/8/2004,45.19
10/11/2004,46.04
10/12/2004,46.49
10/13/2004,44.99
10/14/2004,45.48
10/15/2004,46.14
10/18/2004,45.47
10/19/2004,44.98
10/20/2004,45.87
10/21/2004,46.61
10/22/2004,46.52
10/25/2004,46.06
10/26/2004,45.48
10/27/2004,44.75
10/28/2004,43.59
10/29/2004,43.39
11/1/2004,43.31
11/2/2004,41.98
11/3/2004,41.44
11/4/2004,40.53
11/5/2004,38.56
11/8/2004,38.67
11/9/2004,38.03
11/10/2004,37.73
11/11/2004,37.16
11/12/2004,36.96
11/15/2004,36.11
11/16/2004,35.94
11/17/2004,35.49
11/18/2004,36.2
11/19/2004,37.53
11/22/2004,38.62
11/23/2004,38.69
11/24/2004,38.95
11/25/2004,39.06
11/26/2004,38.89
11/29/2004,39.46
11/30/2004,39.77
12/1/2004,38.03
12/2/2004,35.42
12/3/2004,34.53
12/6/2004,34.89
12/7/2004,34.21
12/8/2004,33.78
12/9/2004,34.29
12/10/2004,33.92
12/13/2004,33.99
12/14/2004,34.72
12/15/2004,36.47
12/16/2004,36.84
12/17/2004,37.87
12/20/2004,38.34
12/21/2004,38.26
12/22/2004,37.41
12/23/2004,36.71
12/24/2004,36.58
12/27/2004,35.3
12/28/2004,34.81
12/29/2004,35.54
12/30/2004,36.19
12/31/2004,36.43
1/3/2005,35.67
1/4/2005,36.57
1/5/2005,37.24
1/6/2005,38.19
1/7/2005,39.35
1/10/2005,40.12
1/11/2005,39.45
1/12/2005,39.81
1/13/2005,41.08
1/14/2005,41.8
1/17/2005,41.81
1/18/2005,41.97
1/19/2005,41.52
1/20/2005,40.68
1/21/2005,41.63
1/24/2005,42.49
1/25/2005,42.68
1/26/2005,43.1
1/27/2005,43.01
1/28/2005,41.88
1/31/2005,40.95
2/1/2005,41.28
2/2/2005,40.62
2/3/2005,40.19
2/4/2005,40.73
2/7/2005,39.98
2/8/2005,39.79
2/9/2005,39.94
2/10/2005,40.54
2/11/2005,41.38
2/14/2005,41.44
2/15/2005,41.84
2/16/2005,41.87
2/17/2005,42.56
2/18/2005,42.68
2/21/2005,43.12
2/22/2005,44.28
2/23/2005,44.72
2/24/2005,45.24
2/25/2005,45.49
2/28/2005,46.26
3/1/2005,46.17
3/2/2005,47.01
3/3/2005,48.36
3/4/2005,48.37
3/7/2005,48.15
3/8/2005,49.01
3/9/2005,49.87
3/10/2005,49.4
3/11/2005,49.2
3/14/2005,49.59
3/15/2005,50.21
3/16/2005,50.78
3/17/2005,51.76
3/18/2005,51.67
3/21/2005,51.76
3/22/2005,51.03
3/23/2005,49.09
3/24/2005,50.12
3/28/2005,49.26
3/29/2005,49.04
3/30/2005,48.8
3/31/2005,50.23
4/1/2005,51.65
4/4/2005,52.93
4/5/2005,52.27
4/6/2005,52.1
4/7/2005,51.85
4/8/2005,49.94
4/11/2005,49.14
4/12/2005,49.43
4/13/2005,47.84
4/14/2005,47.5
4/15/2005,47.08
4/18/2005,46.52
4/19/2005,47.71
4/20/2005,49.02
4/21/2005,49.25
4/22/2005,50.61
4/25/2005,50.17
4/26/2005,49.9
4/27/2005,48.88
4/28/2005,48.03
4/29/2005,47.9
5/2/2005,47.79
5/3/2005,47.4
5/4/2005,47.33
5/5/2005,47.63
5/6/2005,47.92
5/9/2005,47.82
5/10/2005,48.16
5/11/2005,47.39
5/12/2005,45.87
5/13/2005,45.54
5/16/2005,45.47
5/17/2005,45.6
5/18/2005,45.11
5/19/2005,44.65
5/20/2005,45.27
5/23/2005,45.5
5/24/2005,45.7
5/25/2005,46.41
5/26/2005,47.17
5/27/2005,47.45
5/30/2005,47.62
5/31/2005,47.6
6/1/2005,49.3
6/2/2005,50.23
6/3/2005,50.72
6/6/2005,51.18
6/7/2005,50.74
6/8/2005,50.21
6/9/2005,50.55
6/10/2005,50.74
6/13/2005,50.83
6/14/2005,52.05
6/15/2005,52.26
6/16/2005,50.18
6/17/2005,51.58
6/20/2005,52.78
6/21/2005,52.88
6/22/2005,52.34
6/23/2005,52.69
6/24/2005,53.36
6/27/2005,54.26
6/28/2005,53.82
6/29/2005,52.5
6/30/2005,52.01
7/1/2005,52.58
7/4/2005,53.41
7/5/2005,53.9
7/6/2005,54.8
7/7/2005,54.82
7/8/2005,54.94
7/11/2005,53.31
7/12/2005,54.31
7/13/2005,54.53
7/14/2005,53.37
7/15/2005,52.44
7/18/2005,52.38
7/19/2005,51.9
7/20/2005,52.15
7/21/2005,51.23
7/22/2005,51.81
7/25/2005,52.07
7/26/2005,52.69
7/27/2005,52.86
7/28/2005,53.13
7/29/2005,54.2
8/1/2005,55.12
8/2/2005,55.13
8/3/2005,55.43
8/4/2005,55.07
8/5/2005,55.29
8/8/2005,56.57
8/9/2005,56.45
8/10/2005,57.3
8/11/2005,58.28
8/12/2005,59.14
8/15/2005,59.05
8/16/2005,58.89
8/17/2005,57.71
8/18/2005,56.51
8/19/2005,57.53
8/22/2005,58.1
8/23/2005,58.15
8/24/2005,58.9
8/25/2005,59.75
8/26/2005,59.76
8/29/2005,60.33
8/30/2005,60.36
8/31/2005,61.1
9/1/2005,61.37
9/2/2005,60.73
9/5/2005,59.22
9/6/2005,59.05
9/7/2005,58.43
9/8/2005,57.48
9/9/2005,57.58
9/12/2005,56.73
9/13/2005,55.82
9/14/2005,56.28
9/15/2005,57.53
9/16/2005,56.62
9/19/2005,57.56
9/20/2005,58.3
9/21/2005,58.9
9/22/2005,59.28
9/23/2005,57.71
9/26/2005,56.91
9/27/2005,57.71
9/28/2005,57.65
9/29/2005,58.17
9/30/2005,58.02
10/3/2005,58.11
10/4/2005,56.48
10/5/2005,55.86
10/6/2005,54.27
10/7/2005,53.72
10/10/2005,53.97
10/11/2005,54.47
10/12/2005,55.37
10/13/2005,55.23
10/14/2005,54.34
10/17/2005,55.24
10/18/2005,54.41
10/19/2005,53.64
10/20/2005,52.85
10/21/2005,52.47
10/24/2005,52.63
10/25/2005,53.29
10/26/2005,54.41
10/27/2005,53.79
10/28/2005,53.73
10/31/2005,52.99
11/1/2005,52.91
11/2/2005,52.88
11/3/2005,53.45
11/4/2005,54.25
11/7/2005,52.86
11/8/2005,52.31
11/9/2005,52.2
11/10/2005,51.3
11/11/2005,50.25
11/14/2005,50.43
11/15/2005,50.01
11/16/2005,49.73
11/17/2005,50.11
11/18/2005,49.49
11/21/2005,50.15
11/22/2005,50.7
11/23/2005,51.05
11/24/2005,50.89
11/25/2005,50.42
11/28/2005,50.04
11/29/2005,49.78
11/30/2005,49.69
12/1/2005,50.71
12/2/2005,51.87
12/5/2005,52.72
12/6/2005,52.85
12/7/2005,52.88
12/8/2005,52.94
12/9/2005,53.95
12/12/2005,53.5
12/13/2005,54.44
12/14/2005,54.62
12/15/2005,54.44
12/16/2005,53.25
12/19/2005,51.62
12/20/2005,51.37
12/21/2005,51.43
12/22/2005,51.98
12/23/2005,51.53
12/27/2005,51.14
12/28/2005,51.73
12/29/2005,52.9
12/30/2005,53.47
1/3/2006,55.6
1/4/2006,56.38
1/5/2006,56.61
1/6/2006,56.78
1/9/2006,57.29
1/10/2006,57.11
1/11/2006,56.87
1/12/2006,57.63
1/13/2006,57.16
1/16/2006,57.76
1/17/2006,58.58
1/18/2006,59.42
1/19/2006,59.26
1/20/2006,60.63
1/23/2006,60.9
1/24/2006,60.51
1/25/2006,59.33
1/26/2006,59.3
1/27/2006,60.22
1/30/2006,60.42
1/31/2006,60.4
2/1/2006,60.77
2/2/2006,59.49
2/3/2006,58.33
2/6/2006,59.34
2/7/2006,58.17
2/8/2006,57.19
2/9/2006,57.17
2/10/2006,56.63
2/13/2006,55.85
2/14/2006,55.3
2/15/2006,54.35
2/16/2006,53.62
2/17/2006,54.58
2/20/2006,55.78
2/21/2006,56.07
2/22/2006,55.72
2/23/2006,55.18
2/24/2006,56.43
2/27/2006,56.38
2/28/2006,56.01
3/1/2006,57.13
3/2/2006,58.1
3/3/2006,59.17
3/6/2006,58.64
3/7/2006,57.47
3/8/2006,56.04
3/9/2006,55.73
3/10/2006,56.18
3/13/2006,56.41
3/14/2006,57.69
3/15/2006,58.3
3/16/2006,57.45
3/17/2006,58.47
3/20/2006,57.32
3/21/2006,56.14
3/22/2006,56.78
3/23/2006,57.14
3/24/2006,58.05
3/27/2006,58.02
3/28/2006,59.05
3/29/2006,59.95
3/30/2006,60.64
3/31/2006,61.17
4/3/2006,61.82
4/4/2006,61.01
4/5/2006,61.08
4/6/2006,62.13
4/7/2006,61.8
4/10/2006,62.61
4/11/2006,63.61
4/12/2006,63.84
4/13/2006,63.82
4/17/2006,65.02
4/18/2006,65.8
4/19/2006,66.36
4/20/2006,67
4/21/2006,66.84
4/24/2006,67.37
4/25/2006,66.21
4/26/2006,66.94
4/27/2006,65.63
4/28/2006,65.48
5/1/2006,66.2
5/2/2006,68.37
5/3/2006,68.05
5/4/2006,66.07
5/5/2006,64.98
5/8/2006,64.51
5/9/2006,65.05
5/10/2006,65.6
5/11/2006,67.27
5/12/2006,67.02
5/15/2006,64.67
5/16/2006,63.83
5/17/2006,63.75
5/18/2006,62.95
5/19/2006,63.42
5/22/2006,62.51
5/23/2006,64.45
5/24/2006,64.48
5/25/2006,63.91
5/26/2006,65.1
5/29/2006,65.12
5/30/2006,65.41
5/31/2006,64.88
6/1/2006,64.84
6/2/2006,65.01
6/5/2006,66.48
6/6/2006,65.93
6/7/2006,65.43
6/8/2006,63.84
6/9/2006,64.85
6/12/2006,65.41
6/13/2006,63.2
6/14/2006,62.66
6/15/2006,63.1
6/16/2006,63.02
6/19/2006,62.64
6/20/2006,62.95
6/21/2006,62.87
6/22/2006,64.36
6/23/2006,64.4
6/26/2006,64.59
6/27/2006,65.79
6/28/2006,65.89
6/29/2006,66.6
6/30/2006,67.29
7/3/2006,68.28
7/4/2006,67.85
7/5/2006,67.92
7/6/2006,68.74
7/7/2006,68.77
7/10/2006,67.9
7/11/2006,68.1
7/12/2006,68.66
7/13/2006,70.27
7/14/2006,71.71
7/17/2006,71.4
7/18/2006,70.29
7/19/2006,68.46
7/20/2006,68.45
7/21/2006,68.44
7/24/2006,67.99
7/25/2006,68.71
7/26/2006,68.25
7/27/2006,69.07
7/28/2006,68.97
7/31/2006,68.42
8/1/2006,69.97
8/2/2006,71.2
8/3/2006,71.08
8/4/2006,71.08
8/7/2006,72.12
8/8/2006,72.68
8/9/2006,72.54
8/10/2006,70.94
8/11/2006,70.34
8/14/2006,69.54
8/15/2006,69.01
8/16/2006,68.24
8/17/2006,66.85
8/18/2006,67.02
8/21/2006,67.92
8/22/2006,67.99
8/23/2006,67.34
8/24/2006,67
8/25/2006,68.1
8/28/2006,66.03
8/29/2006,65.4
8/30/2006,65
8/31/2006,65.18
9/1/2006,65.35
9/4/2006,64.13
9/5/2006,63.54
9/6/2006,63.27
9/7/2006,62.74
9/8/2006,62.04
9/11/2006,60.7
9/12/2006,60.37
9/13/2006,58.95
9/14/2006,59.22
9/15/2006,58.45
9/18/2006,58.67
9/19/2006,58.85
9/20/2006,56.23
9/21/2006,55.92
9/22/2006,56.15
9/25/2006,54.92
9/26/2006,55.86
9/27/2006,55.92
9/28/2006,57.57
9/29/2006,57.38
10/2/2006,57.19
10/3/2006,54.99
10/4/2006,54.1
10/5/2006,55.27
10/6/2006,55.05
10/9/2006,55.7
10/10/2006,55.31
10/11/2006,54.16
10/12/2006,54.19
10/13/2006,54.9
10/16/2006,55.34
10/17/2006,56.17
10/18/2006,55.27
10/19/2006,54.56
10/20/2006,55.07
10/23/2006,53.44
10/24/2006,53.78
10/25/2006,54.96
10/26/2006,56.12
10/27/2006,55.53
10/30/2006,54.87
10/31/2006,53.37
11/1/2006,54.25
11/2/2006,54.25
11/3/2006,54.07
11/6/2006,54.91
11/7/2006,55.64
11/8/2006,55.18
11/9/2006,56.41
11/10/2006,56.57
11/13/2006,55.42
11/14/2006,55.19
11/15/2006,55.33
11/16/2006,55.44
11/17/2006,53.9
11/20/2006,54.03
11/21/2006,54.9
11/22/2006,55.26
11/23/2006,54.98
11/24/2006,55.29
11/27/2006,55.76
11/28/2006,56.48
11/29/2006,57.32
11/30/2006,58.71
12/1/2006,59.66
12/4/2006,59.7
12/5/2006,59.19
12/6/2006,59.1
12/7/2006,58.66
12/8/2006,58.63
12/11/2006,57.74
12/12/2006,57.41
12/13/2006,57
12/14/2006,57.43
12/15/2006,58.39
12/18/2006,58.4
12/19/2006,57.44
12/20/2006,58.2
12/21/2006,58.05
12/22/2006,57.98
12/26/2006,57.45
12/27/2006,56.43
12/28/2006,56.12
12/29/2006,55.97
1/2/2007,56.16
1/3/2007,55.42
1/4/2007,53.26
1/5/2007,51.3
1/8/2007,51.88
1/9/2007,51.2
1/10/2007,50.6
1/11/2007,49.22
1/12/2007,48.68
1/15/2007,49.36
1/16/2007,48.58
1/17/2007,47.97
1/18/2007,48.24
1/19/2007,48.3
1/22/2007,49.72
1/23/2007,49.6
1/24/2007,50.92
1/25/2007,51.27
1/26/2007,51.04
1/29/2007,51.28
1/30/2007,50.82
1/31/2007,52.62
2/1/2007,53.49
2/2/2007,53.64
2/5/2007,54.66
2/6/2007,54.68
2/7/2007,54.4
2/8/2007,53.6
2/9/2007,55.08
2/12/2007,53.99
2/13/2007,53.38
2/14/2007,53.76
2/15/2007,52.88
2/16/2007,53.69
2/19/2007,53.87
2/20/2007,53.42
2/21/2007,54
2/22/2007,55.14
2/23/2007,56.55
2/26/2007,57.07
2/27/2007,57.24
2/28/2007,56.69
3/1/2007,58.47
3/2/2007,58.65
3/5/2007,57.32
3/6/2007,57.21
3/7/2007,58.2
3/8/2007,58.73
3/9/2007,58.29
3/12/2007,57.37
3/13/2007,57.38
3/14/2007,57.23
3/15/2007,57.28
3/16/2007,56.86
3/19/2007,56.74
3/20/2007,56.59
3/21/2007,56.87
3/22/2007,57.91
3/23/2007,59.05
3/26/2007,60.16
3/27/2007,60.49
3/28/2007,61.88
3/29/2007,62.52
3/30/2007,63.79
4/2/2007,64.06
4/3/2007,63.87
4/4/2007,63.48
4/5/2007,64.16
4/9/2007,63.74
4/10/2007,62.82
4/11/2007,63.54
4/12/2007,63.83
4/13/2007,64.88
4/16/2007,64.05
4/17/2007,63.14
4/18/2007,61.96
4/19/2007,61.98
4/20/2007,62.23
4/23/2007,63.1
4/24/2007,63.94
4/25/2007,63.69
4/26/2007,64.2
4/27/2007,64.03
4/30/2007,64.26
5/1/2007,64.81
5/2/2007,63.69
5/3/2007,63.19
5/4/2007,63.1
5/7/2007,61.93
5/8/2007,62.1
5/9/2007,62.19
5/10/2007,62.36
5/11/2007,63.15
5/14/2007,63.79
5/15/2007,63.79
5/16/2007,64.55
5/17/2007,65.29
5/18/2007,66.01
5/21/2007,66.24
5/22/2007,66.62
5/23/2007,66.36
5/24/2007,66.93
5/25/2007,66.57
5/28/2007,66.2
5/29/2007,65.49
5/30/2007,64.3
5/31/2007,64.45
6/1/2007,64.6
6/4/2007,65.81
6/5/2007,66.34
6/6/2007,66.58
6/7/2007,67.18
6/8/2007,66.23
6/11/2007,65.14
6/12/2007,65.46
6/13/2007,65.67
6/14/2007,66.87
6/15/2007,67.5
6/18/2007,68.02
6/19/2007,68.33
6/20/2007,67.7
6/21/2007,67.7
6/22/2007,67.5
6/25/2007,67.38
6/26/2007,67.53
6/27/2007,67.41
6/28/2007,67.72
6/29/2007,68.02
7/2/2007,68.73
7/3/2007,69.65
7/4/2007,69.89
7/5/2007,70.38
7/6/2007,71.33
7/9/2007,71.55
7/10/2007,71.78
7/11/2007,72.05
7/12/2007,72.15
7/13/2007,72.67
7/16/2007,72.97
7/17/2007,72.05
7/18/2007,72.2
7/19/2007,73.36
7/20/2007,73.8
7/23/2007,73.13
7/24/2007,72.02
7/25/2007,71.65
7/26/2007,73.01
7/27/2007,72.36
7/30/2007,72.35
7/31/2007,72.56
8/1/2007,73.17
8/2/2007,72.3
8/3/2007,72.12
8/6/2007,70.3
8/7/2007,68.34
8/8/2007,68.59
8/9/2007,68.29
8/10/2007,67.56
8/13/2007,68.36
8/14/2007,67.75
8/15/2007,68.68
8/16/2007,67.63
8/17/2007,67.83
8/20/2007,67.69
8/21/2007,67.1
8/22/2007,66.6
8/23/2007,67.07
8/24/2007,67.61
8/27/2007,67.76
8/28/2007,68.25
8/29/2007,68.41
8/30/2007,69.18
8/31/2007,69.7
9/3/2007,70.42
9/4/2007,70.88
9/5/2007,71.46
9/6/2007,72.1
9/7/2007,72.01
9/10/2007,72.27
9/11/2007,73.13
9/12/2007,74.21
9/13/2007,74.64
9/14/2007,74.48
9/17/2007,74.06
9/18/2007,74.92
9/19/2007,75.61
9/20/2007,75.78
9/21/2007,76.72
9/24/2007,76.48
9/25/2007,75.8
9/26/2007,75.11
9/27/2007,76.02
9/28/2007,77.43
10/1/2007,75.97
10/2/2007,74.66
10/3/2007,74.96
10/4/2007,74.83
10/5/2007,76.23
10/8/2007,75.37
10/9/2007,74.47
10/10/2007,75.36
10/11/2007,77.01
10/12/2007,77.62
10/15/2007,78.76
10/16/2007,80.87
10/17/2007,81.13
10/18/2007,81.18
10/19/2007,81.49
10/22/2007,80.15
10/23/2007,80.03
10/24/2007,80.49
10/25/2007,82.67
10/26/2007,84.82
10/29/2007,85.94
10/30/2007,85.52
10/31/2007,84.76
11/1/2007,87.47
11/2/2007,87.47
11/5/2007,88
11/6/2007,89.02
11/7/2007,90.57
11/8/2007,90.56
11/9/2007,89.58
11/12/2007,88.65
11/13/2007,86.68
11/14/2007,86.45
11/15/2007,86.87
11/16/2007,87.41
11/19/2007,88.57
11/20/2007,89.93
11/21/2007,91.77
11/22/2007,91.22
11/23/2007,91.37
11/26/2007,91.68
11/27/2007,90.08
11/28/2007,87.88
11/29/2007,87.59
11/30/2007,85.72
12/3/2007,84.13
12/4/2007,85.14
12/5/2007,85.3
12/6/2007,84.34
12/7/2007,85.07
12/10/2007,84.02
12/11/2007,84.51
12/12/2007,86.61
12/13/2007,88.46
12/14/2007,87.81
12/17/2007,87.13
12/18/2007,87.1
12/19/2007,87.24
12/20/2007,87.36
12/21/2007,87.73
12/24/2007,87.86
12/26/2007,89.44
12/27/2007,90.29
12/28/2007,90.84
12/31/2007,90.7
1/2/2008,91.82
1/3/2008,93.67
1/4/2008,93.38
1/7/2008,91.72
1/8/2008,91.67
1/9/2008,91.98
1/10/2008,89.71
1/11/2008,88.36
1/14/2008,88.51
1/15/2008,88.33
1/16/2008,86.28
1/17/2008,86.14
1/18/2008,85.91
1/21/2008,85.06
1/22/2008,83.7
1/23/2008,84.48
1/24/2008,84.42
1/25/2008,86.87
1/28/2008,87.01
1/29/2008,88.2
1/30/2008,88.59
1/31/2008,87.92
2/1/2008,87.5
2/4/2008,86.51
2/5/2008,86.01
2/6/2008,84.66
2/7/2008,84.63
2/8/2008,86.1
2/11/2008,89.01
2/12/2008,89.63
2/13/2008,89.48
2/14/2008,90.63
2/15/2008,91.55
2/18/2008,91.21
2/19/2008,92.52
2/20/2008,94.09
2/21/2008,93.81
2/22/2008,92.48
2/25/2008,93.49
2/26/2008,93.96
2/27/2008,95.03
2/28/2008,94.87
2/29/2008,96.35
3/3/2008,97.12
3/4/2008,96.13
3/5/2008,95.86
3/6/2008,98.34
3/7/2008,99
3/10/2008,99.48
3/11/2008,100.5
3/12/2008,101.3
3/13/2008,102.3
3/14/2008,102.8
3/17/2008,101.4
3/18/2008,100.1
3/19/2008,99.97
3/20/2008,96.1
3/24/2008,96.15
3/25/2008,96.49
3/26/2008,98.42
3/27/2008,100.3
3/28/2008,99.77
3/31/2008,98.63
4/1/2008,95.75
4/2/2008,96.48
4/3/2008,98.63
4/4/2008,98.63
4/7/2008,101.1
4/8/2008,101.8
4/9/2008,102.3
4/10/2008,103.7
4/11/2008,103.6
4/14/2008,104
4/15/2008,105.7
4/16/2008,106.6
4/17/2008,107.6
4/18/2008,107.7
4/21/2008,108.9
4/22/2008,109.9
4/23/2008,111.1
4/24/2008,110.6
4/25/2008,110
4/28/2008,111.6
4/29/2008,109.8
4/30/2008,107.3
5/1/2008,105.9
5/2/2008,106.9
5/5/2008,111.5
5/6/2008,114.6
5/7/2008,115.9
5/8/2008,116.8
5/9/2008,119
5/12/2008,119.6
5/13/2008,118.7
5/14/2008,118.7
5/15/2008,118.9
5/16/2008,119.2
5/19/2008,119.2
5/20/2008,121
5/21/2008,124.4
5/22/2008,127.5
5/23/2008,126.3
5/26/2008,126.5
5/27/2008,125.9
5/28/2008,123
5/29/2008,124.2
5/30/2008,121.6
6/2/2008,122
6/3/2008,121.6
6/4/2008,118.5
6/5/2008,118.7
6/6/2008,126
6/9/2008,130.8
6/10/2008,128.6
6/11/2008,128.8
6/12/2008,129.7
6/13/2008,130.5
6/16/2008,129.7
6/17/2008,128.9
6/18/2008,128.4
6/19/2008,129.4
6/20/2008,128.5
6/23/2008,130.7
6/24/2008,131.3
6/25/2008,129.8
6/26/2008,130.7
6/27/2008,135.3
6/30/2008,136
7/1/2008,136.9
7/2/2008,137.7
7/3/2008,140.7
7/4/2008,140.1
7/7/2008,138.4
7/8/2008,135.2
7/9/2008,133.1
7/10/2008,133.6
7/11/2008,139.8
7/14/2008,139.8
7/15/2008,138
7/16/2008,133
7/17/2008,131
7/18/2008,127.9
7/21/2008,127.7
7/22/2008,127.4
7/23/2008,123.8
7/24/2008,122.4
7/25/2008,122.6
7/28/2008,123.1
7/29/2008,121.7
7/30/2008,120.8
7/31/2008,122.4
8/1/2008,121
8/4/2008,120.8
8/5/2008,116.2
8/6/2008,114.6
8/7/2008,115
8/8/2008,112.7
8/11/2008,111.2
8/12/2008,109
8/13/2008,109.5
8/14/2008,110.8
8/15/2008,107.8
8/18/2008,108.6
8/19/2008,108.2
8/20/2008,109.7
8/21/2008,114
8/22/2008,114.6
8/25/2008,110.6
8/26/2008,110.5
8/27/2008,111.7
8/28/2008,111.8
8/29/2008,111.2
9/1/2008,110
9/2/2008,103.4
9/3/2008,103.6
9/4/2008,103.6
9/5/2008,101.2
9/8/2008,101
9/9/2008,98.49
9/10/2008,96.79
9/11/2008,95.29
9/12/2008,95.21
9/15/2008,91.26
9/16/2008,86.27
9/17/2008,87.25
9/18/2008,89.38
9/19/2008,91.83
9/22/2008,97.95
9/23/2008,99
9/24/2008,98.88
9/25/2008,97.68
9/26/2008,97.9
9/29/2008,94.09
9/30/2008,90.32
10/1/2008,89.99
10/2/2008,89.27
10/3/2008,86.36
10/6/2008,81.56
10/7/2008,80.04
10/8/2008,77.37
10/9/2008,78.24
10/10/2008,72.67
10/13/2008,71.96
10/14/2008,73.49
10/15/2008,68.28
10/16/2008,62.77
10/17/2008,62.92
10/20/2008,64.63
10/21/2008,64.35
10/22/2008,60.82
10/23/2008,60.27
10/24/2008,57.57
10/27/2008,56.8
10/28/2008,55.9
10/29/2008,58.13
10/30/2008,59.92
10/31/2008,57.43
11/3/2008,59.03
11/4/2008,57.77
11/5/2008,58.97
11/6/2008,54.89
11/7/2008,53.49
11/10/2008,54.77
11/11/2008,52.24
11/12/2008,49.94
11/13/2008,47.73
11/14/2008,49.09
11/17/2008,47.96
11/18/2008,46.55
11/19/2008,45.89
11/20/2008,44.06
11/21/2008,42.56
11/24/2008,44.48
11/25/2008,45.53
11/26/2008,45.47
11/27/2008,47.47
11/28/2008,47.22
12/1/2008,45.26
12/2/2008,41.6
12/3/2008,40.75
12/4/2008,39.56
12/5/2008,36.67
12/8/2008,37.73
12/9/2008,38.19
12/10/2008,37.94
12/11/2008,40.12
12/12/2008,41.32
12/15/2008,42.53
12/16/2008,40.74
12/17/2008,40.95
12/18/2008,39.48
12/19/2008,37.72
12/22/2008,36.92
12/23/2008,34.49
12/24/2008,33.36
12/29/2008,34.69
12/30/2008,34.95
12/31/2008,35.58
1/2/2009,40.44
1/5/2009,43.98
1/6/2009,46.32
1/7/2009,45.43
1/8/2009,42.06
1/9/2009,41.9
1/12/2009,40.15
1/13/2009,40.13
1/14/2009,41.32
1/15/2009,40.9
1/16/2009,42.23
1/19/2009,40.33
1/20/2009,39.29
1/21/2009,39.55
1/22/2009,40.28
1/23/2009,41.03
1/26/2009,42.54
1/27/2009,40.48
1/28/2009,40.81
1/29/2009,41.19
1/30/2009,42.02
2/2/2009,42.58
2/3/2009,41.57
2/4/2009,41.63
2/5/2009,42.15
2/6/2009,43.29
2/9/2009,43.9
2/10/2009,43.45
2/11/2009,42.29
2/12/2009,41.81
2/13/2009,42.31
2/16/2009,41.48
2/17/2009,39.8
2/18/2009,38.1
2/19/2009,38.98
2/20/2009,39.19
2/23/2009,39.47
2/24/2009,39.03
2/25/2009,40.71
2/26/2009,43.21
2/27/2009,43.23
3/2/2009,42.61
3/3/2009,41.79
3/4/2009,43.83
3/5/2009,43.64
3/6/2009,43.15
3/9/2009,44.04
3/10/2009,43.47
3/11/2009,42.38
3/12/2009,42.24
3/13/2009,44.15
3/16/2009,43.05
3/17/2009,44.71
3/18/2009,45.64
3/19/2009,47.39
3/20/2009,48.77
3/23/2009,50.18
3/24/2009,50.44
3/25/2009,50.14
3/26/2009,50.77
3/27/2009,50.41
3/30/2009,47.72
3/31/2009,46.65
4/1/2009,47.15
4/2/2009,49.97
4/3/2009,51.2
4/6/2009,51.9
4/7/2009,50.96
4/8/2009,50.25
4/9/2009,52.26
4/13/2009,51.92
4/14/2009,51.07
4/15/2009,51.17
4/16/2009,51.55
4/17/2009,51.45
4/20/2009,49.59
4/21/2009,48.49
4/22/2009,48.51
4/23/2009,48.6
4/24/2009,49.97
4/27/2009,49.21
4/28/2009,48.7
4/29/2009,49.98
4/30/2009,50.36
5/1/2009,50.41
5/4/2009,52.11
5/5/2009,52.71
5/6/2009,54.09
5/7/2009,56.05
5/8/2009,56.35
5/11/2009,56.11
5/12/2009,56.76
5/13/2009,57.16
5/14/2009,55.99
5/15/2009,56.37
5/18/2009,55.86
5/19/2009,57.52
5/20/2009,58.47
5/21/2009,58.32
5/22/2009,58.75
5/25/2009,58.55
5/26/2009,58.71
5/27/2009,60.75
5/28/2009,61.77
5/29/2009,63.71
6/1/2009,66.08
6/2/2009,66.6
6/3/2009,66.14
6/4/2009,66.74
6/5/2009,67.81
6/8/2009,66.75
6/9/2009,68.42
6/10/2009,69.92
6/11/2009,70.6
6/12/2009,70.18
6/15/2009,68.98
6/16/2009,69.41
6/17/2009,69.1
6/18/2009,70.01
6/19/2009,70
6/22/2009,67.13
6/23/2009,66.34
6/24/2009,67.74
6/25/2009,68.27
6/26/2009,69.02
6/29/2009,69.16
6/30/2009,69.56
7/1/2009,69.26
7/2/2009,67.04
7/3/2009,66.12
7/6/2009,63.66
7/7/2009,62.97
7/8/2009,61.11
7/9/2009,60.58
7/10/2009,59.86
7/13/2009,59.66
7/14/2009,60.87
7/15/2009,61.73
7/16/2009,62.54
7/17/2009,63.23
7/20/2009,64.64
7/21/2009,65.04
7/22/2009,64.68
7/23/2009,66.46
7/24/2009,67.8
7/27/2009,69.01
7/28/2009,68.45
7/29/2009,65.81
7/30/2009,66.42
7/31/2009,68.59
8/3/2009,71.34
8/4/2009,71.53
8/5/2009,72.45
8/6/2009,72.92
8/7/2009,71.96
8/10/2009,71.68
8/11/2009,71.06
8/12/2009,71.04
8/13/2009,72.22
8/14/2009,71.14
8/17/2009,68.04
8/18/2009,69.47
8/19/2009,71.13
8/20/2009,72.57
8/21/2009,72.27
8/24/2009,72.89
8/25/2009,71.71
8/26/2009,70.44
8/27/2009,70.36
8/28/2009,71.72
8/31/2009,70.37
9/1/2009,68.11
9/2/2009,66.64
9/3/2009,66.65
9/4/2009,66.03
9/7/2009,66.2
9/8/2009,67.83
9/9/2009,68.97
9/10/2009,69.23
9/11/2009,68.21
9/14/2009,66.47
9/15/2009,66.95
9/16/2009,68.69
9/17/2009,70.27
9/18/2009,69.62
9/21/2009,68.42
9/22/2009,68.59
9/23/2009,67.87
9/24/2009,65.12
9/25/2009,64
9/28/2009,64.07
9/29/2009,64.25
9/30/2009,65.55
10/1/2009,67.72
10/2/2009,67.17
10/5/2009,66.81
10/6/2009,68.14
10/7/2009,67.76
10/8/2009,67.84
10/9/2009,68.86
10/12/2009,70.06
10/13/2009,70.94
10/14/2009,71.96
10/15/2009,73.2
10/16/2009,74.89
10/19/2009,75.82
10/20/2009,75.82
10/21/2009,76.37
10/22/2009,77.61
10/23/2009,77.59
10/26/2009,76.7
10/27/2009,76.43
10/28/2009,75.53
10/29/2009,75.94
10/30/2009,75.56
11/2/2009,74.95
11/3/2009,75.53
11/4/2009,77.6
11/5/2009,77.45
11/6/2009,76.25
11/9/2009,76.56
11/10/2009,76.5
11/11/2009,76.88
11/12/2009,76.06
11/13/2009,75.25
11/16/2009,76.48
11/17/2009,76.96
11/18/2009,77.86
11/19/2009,76.77
11/20/2009,75.77
11/23/2009,76.72
11/24/2009,75.22
11/25/2009,75.67
11/26/2009,75.96
11/27/2009,75.38
11/30/2009,76.21
12/1/2009,77.88
12/2/2009,77.31
12/3/2009,77.32
12/4/2009,76.81
12/7/2009,75.76
12/8/2009,74.8
12/9/2009,73.7
12/10/2009,71.43
12/11/2009,70.85
12/14/2009,70.64
12/15/2009,70.84
12/16/2009,72.17
12/17/2009,71.77
12/18/2009,71.78
12/21/2009,71.88
12/22/2009,71.32
12/23/2009,72.71
12/24/2009,74.33
12/28/2009,74.83
12/29/2009,76.19
12/30/2009,76.77
12/31/2009,77.16
1/4/2010,78.23
1/5/2010,79.14
1/6/2010,79.7
1/7/2010,80.19
1/8/2010,79.94
1/11/2010,80.29
1/12/2010,79.08
1/13/2010,77.15
1/14/2010,77.59
1/15/2010,76.57
1/18/2010,75.75
1/19/2010,75.53
1/20/2010,75.3
1/21/2010,74.54
1/22/2010,73.02
1/25/2010,71.97
1/26/2010,71.94
1/27/2010,71.87
1/28/2010,71.4
1/29/2010,71.01
2/1/2010,71.02
2/2/2010,73.05
2/3/2010,75.14
2/4/2010,72.73
2/5/2010,69.71
2/8/2010,68.86
2/9/2010,69.76
2/10/2010,70.78
2/11/2010,71.81
2/12/2010,71.55
2/15/2010,71.72
2/16/2010,73.06
2/17/2010,74.33
2/18/2010,74.49
2/19/2010,75.17
2/22/2010,76.14
2/23/2010,75.75
2/24/2010,75.46
2/25/2010,74.66
2/26/2010,74.6
3/1/2010,75.75
3/2/2010,75.51
3/3/2010,76.52
3/4/2010,76.42
3/5/2010,77.27
3/8/2010,77.86
3/9/2010,77.38
3/10/2010,77.8
3/11/2010,77.76
3/12/2010,77.74
3/15/2010,76.24
3/16/2010,76.62
3/17/2010,78.25
3/18/2010,77.9
3/19/2010,77.18
3/22/2010,76.75
3/23/2010,77.54
3/24/2010,76.9
3/25/2010,77.03
3/26/2010,76.8
3/29/2010,77.77
3/30/2010,78.21
3/31/2010,78.7
4/1/2010,79.89
4/5/2010,81.27
4/6/2010,82.55
4/7/2010,82.36
4/8/2010,81.6
4/9/2010,81.97
4/12/2010,82.2
4/13/2010,81.52
4/14/2010,82.63
4/15/2010,83.28
4/16/2010,82.86
4/19/2010,80.89
4/20/2010,81.83
4/21/2010,82.01
4/22/2010,82.36
4/23/2010,83.01
4/26/2010,83.91
4/27/2010,83.03
4/28/2010,82.13
4/29/2010,83.59
4/30/2010,84.13
5/3/2010,84.36
5/4/2010,84.16
5/5/2010,81.12
5/6/2010,78.52
5/7/2010,76.41
5/10/2010,78.08
5/11/2010,77.53
5/12/2010,78.29
5/13/2010,78.43
5/14/2010,75.95
5/17/2010,73.25
5/18/2010,72.77
5/19/2010,70.57
5/20/2010,69.64
5/21/2010,68.47
5/24/2010,68.59
5/25/2010,66.84
5/26/2010,68.21
5/27/2010,70.48
5/28/2010,70.62
5/31/2010,71.88
6/1/2010,70.96
6/2/2010,71.13
6/3/2010,72.84
6/4/2010,72.06
6/7/2010,69.61
6/8/2010,70.08
6/9/2010,71.05
6/10/2010,72.18
6/11/2010,72.26
6/14/2010,73.32
6/15/2010,73.14
6/16/2010,74.13
6/17/2010,75.21
6/18/2010,75.11
6/21/2010,75.94
6/22/2010,75.09
6/23/2010,74.06
6/24/2010,72.9
6/25/2010,73.8
6/28/2010,74.77
6/29/2010,72.66
6/30/2010,72.49
7/1/2010,70.48
7/2/2010,69.63
7/5/2010,69.05
7/6/2010,69.73
7/7/2010,69.74
7/8/2010,71.86
7/9/2010,72.79
7/12/2010,72
7/13/2010,72.58
7/14/2010,73.93
7/15/2010,73.26
7/16/2010,72.89
7/19/2010,72.94
7/20/2010,73.16
7/21/2010,73.16
7/22/2010,73.47
7/23/2010,74.44
7/26/2010,74.22
7/27/2010,73.95
7/28/2010,73.26
7/29/2010,74.19
7/30/2010,74.43
8/2/2010,77.09
8/3/2010,78.41
8/4/2010,78.88
8/5/2010,78.69
8/6/2010,78.15
8/9/2010,78.28
8/10/2010,76.87
8/11/2010,75.4
8/12/2010,73.73
8/13/2010,72.64
8/16/2010,72.27
8/17/2010,73.25
8/18/2010,73.05
8/19/2010,73.03
8/20/2010,71.78
8/23/2010,70.93
8/24/2010,69.69
8/25/2010,70
8/26/2010,71.4
8/27/2010,72.36
8/30/2010,73.05
8/31/2010,72.39
9/1/2010,72.49
9/2/2010,72.89
9/3/2010,73.05
9/6/2010,73.46
9/7/2010,73.03
9/8/2010,74.04
9/9/2010,74.48
9/10/2010,74.66
9/13/2010,75.06
9/14/2010,75.54
9/15/2010,75.37
9/16/2010,75.49
9/17/2010,74.95
9/20/2010,75.26
9/21/2010,75.34
9/22/2010,74.41
9/23/2010,74.28
9/24/2010,75.01
9/27/2010,75.06
9/28/2010,74.87
9/29/2010,75.74
9/30/2010,77.48
10/1/2010,79.52
10/4/2010,79.95
10/5/2010,80.14
10/6/2010,81.51
10/7/2010,81.07
10/8/2010,79.95
10/11/2010,80.44
10/12/2010,79.64
10/13/2010,80.9
10/14/2010,80.95
10/15/2010,79.86
10/18/2010,79
10/19/2010,79.25
10/20/2010,78.71
10/21/2010,79.26
10/22/2010,78.54
10/25/2010,80.03
10/26/2010,79.75
10/27/2010,79.19
10/28/2010,79.92
10/29/2010,79.42
11/1/2010,80.55
11/2/2010,81.9
11/3/2010,82.56
11/4/2010,84.33
11/5/2010,84.33
11/8/2010,84.62
11/9/2010,84.92
11/10/2010,85.27
11/11/2010,85.81
11/12/2010,83.67
11/15/2010,83.39
11/16/2010,82.35
11/17/2010,81.9
11/18/2010,81.09
11/19/2010,81.41
11/22/2010,80.96
11/23/2010,80.14
11/24/2010,81.16
11/25/2010,82.55
11/26/2010,82.34
11/29/2010,83.45
11/30/2010,83.65
12/1/2010,84.13
12/2/2010,86.13
12/3/2010,87.12
12/6/2010,88.13
12/7/2010,87.87
12/8/2010,87.46
12/9/2010,87.91
12/10/2010,87.65
12/13/2010,87.96
12/14/2010,88.21
12/15/2010,88.22
12/16/2010,88.76
12/17/2010,88.78
12/20/2010,88.59
12/21/2010,89.54
12/22/2010,90.02
12/23/2010,90.16
12/24/2010,90.73
12/27/2010,90.67
12/28/2010,90.08
12/29/2010,90.22
12/30/2010,89.47
12/31/2010,88.99
1/3/2011,89.81
1/4/2011,91.28
1/5/2011,90.91
1/6/2011,92.06
1/7/2011,90.83
1/10/2011,91.33
1/11/2011,92.92
1/12/2011,94.23
1/13/2011,93.96
1/14/2011,94.04
1/17/2011,93.72
1/18/2011,93.8
1/19/2011,93.99
1/20/2011,92.95
1/21/2011,92.9
1/24/2011,93.2
1/25/2011,91.8
1/26/2011,92.58
1/27/2011,93.42
1/28/2011,94.1
1/31/2011,95.53
2/1/2011,96.39
2/2/2011,97.66
2/3/2011,97.71
2/4/2011,96.85
2/7/2011,96.02
2/8/2011,96.12
2/9/2011,96.93
2/10/2011,97.59
2/11/2011,97.37
2/14/2011,98.24
2/15/2011,99
2/16/2011,98.68
2/17/2011,99.77
2/18/2011,99.08
2/21/2011,100.5
2/22/2011,104
2/23/2011,105.8
2/24/2011,111
2/25/2011,108.3
2/28/2011,108.5
3/1/2011,108.2
3/2/2011,110.8
3/3/2011,110.4
3/4/2011,111.4
3/7/2011,112
3/8/2011,109.5
3/9/2011,109.9
3/10/2011,110.7
3/11/2011,109.1
3/14/2011,107.8
3/15/2011,106.5
3/16/2011,105.8
3/17/2011,108
3/18/2011,110.5
3/21/2011,110.1
3/22/2011,110.2
3/23/2011,111
3/24/2011,110.8
3/25/2011,110.9
3/28/2011,110.3
3/29/2011,109.8
3/30/2011,110.1
3/31/2011,111.4
4/1/2011,113.4
4/4/2011,115.2
4/5/2011,116.7
4/6/2011,117.7
4/7/2011,117.7
4/8/2011,120.1
4/11/2011,120.4
4/12/2011,117.6
4/13/2011,116.8
4/14/2011,118
4/15/2011,117.9
4/18/2011,117.3
4/19/2011,116
4/20/2011,117.9
4/21/2011,119.4
4/25/2011,119.3
4/26/2011,118.9
4/27/2011,119.3
4/28/2011,120.9
4/29/2011,120.3
5/2/2011,119.9
5/3/2011,118.7
5/4/2011,116.9
5/5/2011,112.8
5/6/2011,104.4
5/9/2011,108
5/10/2011,111.4
5/11/2011,111.3
5/12/2011,107.1
5/13/2011,108.9
5/16/2011,107.7
5/17/2011,106.6
5/18/2011,107.4
5/19/2011,107.8
5/20/2011,107.4
5/23/2011,105.4
5/24/2011,107.3
5/25/2011,107.9
5/26/2011,109.8
5/27/2011,110.2
5/30/2011,109.5
5/31/2011,111.2
6/1/2011,111.4
6/2/2011,109.9
6/3/2011,110.4
6/6/2011,110
6/7/2011,110.6
6/8/2011,111.9
6/9/2011,113.4
6/10/2011,113.4
6/13/2011,113.3
6/14/2011,113.5
6/15/2011,112.6
6/16/2011,109.5
6/17/2011,107.5
6/20/2011,107.4
6/21/2011,107.8
6/22/2011,107.9
6/23/2011,106
6/24/2011,102.9
6/27/2011,101.5
6/28/2011,103.5
6/29/2011,106.1
6/30/2011,107.5
7/1/2011,106.4
7/4/2011,106.8
7/5/2011,107.1
7/6/2011,108.2
7/7/2011,110.7
7/8/2011,112.6
7/11/2011,111.3
7/12/2011,111
7/13/2011,113.2
7/14/2011,112.7
7/15/2011,112.2
7/18/2011,112.3
7/19/2011,112.6
7/20/2011,113.5
7/21/2011,113.2
7/22/2011,113.6
7/25/2011,113.3
7/26/2011,113.6
7/27/2011,113.4
7/28/2011,113.3
7/29/2011,112.1
8/1/2011,113.5
8/2/2011,111.8
8/3/2011,110.5
8/4/2011,107.4
8/5/2011,103.3
8/8/2011,102.3
8/9/2011,101.5
8/10/2011,101.2
8/11/2011,103.2
8/12/2011,103.8
8/15/2011,104.7
8/16/2011,105.4
8/17/2011,106.8
8/18/2011,105.4
8/19/2011,103.3
8/22/2011,103.8
8/23/2011,105.9
8/24/2011,106.5
8/25/2011,107.6
8/26/2011,107.5
8/29/2011,108.3
8/30/2011,109.4
8/31/2011,111.4
9/1/2011,111.2
9/2/2011,110.3
9/5/2011,108.4
9/6/2011,108.3
9/7/2011,111.3
9/8/2011,112.1
9/9/2011,110.4
9/12/2011,107.8
9/13/2011,108.4
9/14/2011,107.9
9/15/2011,109.5
9/16/2011,110.6
9/19/2011,108.6
9/20/2011,108.2
9/21/2011,108.9
9/22/2011,105.1
9/23/2011,104.3
9/26/2011,101.8
9/27/2011,104.5
9/28/2011,104.3
9/29/2011,103.1
9/30/2011,101.5
10/3/2011,99.71
10/4/2011,98.59
10/5/2011,99.9
10/6/2011,101.6
10/7/2011,103.2
10/10/2011,104.6
10/11/2011,105.6
10/12/2011,107.6
10/13/2011,107
10/14/2011,109
10/17/2011,110.1
10/18/2011,107.9
10/19/2011,108.6
10/20/2011,107.1
10/21/2011,108.3
10/24/2011,109.1
10/25/2011,109.4
10/26/2011,108.8
10/27/2011,109
10/28/2011,109.1
10/31/2011,107.1
11/1/2011,106.3
11/2/2011,108.6
11/3/2011,107.9
11/4/2011,109.9
11/7/2011,111
11/8/2011,113.7
11/9/2011,113.1
11/10/2011,111.6
11/11/2011,113
11/14/2011,112.6
11/15/2011,112.1
11/16/2011,112.2
11/17/2011,110.8
11/18/2011,109.1
11/21/2011,107.7
11/22/2011,108.3
11/23/2011,108.3
11/24/2011,108.1
11/25/2011,107.7
11/28/2011,108.7
11/29/2011,109.7
11/30/2011,110.3
12/1/2011,109.3
12/2/2011,109.6
12/5/2011,110.3
12/6/2011,109.4
12/7/2011,110
12/8/2011,108.9
12/9/2011,107.4
12/12/2011,107.3
12/13/2011,107.6
12/14/2011,106.8
12/15/2011,104.6
12/16/2011,103.5
12/19/2011,102.9
12/20/2011,105
12/21/2011,106.9
12/22/2011,107.4
12/23/2011,107.6
12/27/2011,107.7
12/28/2011,107.5
12/29/2011,106.7
12/30/2011,106.8
1/3/2012,109.4
1/4/2012,111.7
1/5/2012,113
1/6/2012,112.2
1/9/2012,112.5
1/10/2012,112.9
1/11/2012,112.9
1/12/2012,112.9
1/13/2012,111.7
1/16/2012,111.7
1/17/2012,112.2
1/18/2012,111.7
1/19/2012,111.5
1/20/2012,111.3
1/23/2012,111.7
1/24/2012,111.4
1/25/2012,110.7
1/26/2012,111.2
1/27/2012,111.3
1/30/2012,111.1
1/31/2012,111.2
2/1/2012,110.6
2/2/2012,110.8
2/3/2012,111.2
2/6/2012,113.3
2/7/2012,114.6
2/8/2012,115.1
2/9/2012,116.2
2/10/2012,116.4
2/13/2012,117.1
2/14/2012,116.6
2/15/2012,117.9
2/16/2012,118.1
2/17/2012,118.5
2/20/2012,119.1
2/21/2012,119.1
2/22/2012,120.8
2/23/2012,121.6
2/24/2012,122.8
2/27/2012,123.2
2/28/2012,122.1
2/29/2012,120.7
3/1/2012,122.1
3/2/2012,123.1
3/5/2012,122.3
3/6/2012,122
3/7/2012,121.8
3/8/2012,124.1
3/9/2012,124.1
3/12/2012,123.9
3/13/2012,124.6
3/14/2012,124.3
3/15/2012,123
3/16/2012,122.9
3/19/2012,124.1
3/20/2012,123
3/21/2012,122.9
3/22/2012,121.8
3/23/2012,122.8
3/26/2012,123.5
3/27/2012,123.5
3/28/2012,122.2
3/29/2012,121.6
3/30/2012,120.8
4/2/2012,121.6
4/3/2012,122.9
4/4/2012,121.9
4/5/2012,121.1
4/9/2012,120.4
4/10/2012,119.3
4/11/2012,117.8
4/12/2012,118.7
4/13/2012,119.1
4/16/2012,116.9
4/17/2012,116.2
4/18/2012,115.7
4/19/2012,116.2
4/20/2012,116.4
4/23/2012,115.5
4/24/2012,115.8
4/25/2012,116
4/26/2012,117.1
4/27/2012,117.2
4/30/2012,117.2
5/1/2012,117
5/2/2012,116.6
5/3/2012,115.3
5/4/2012,112.2
5/7/2012,110.1
5/8/2012,109.5
5/9/2012,109.8
5/10/2012,110
5/11/2012,109.2
5/14/2012,108.1
5/15/2012,108.7
5/16/2012,108.1
5/17/2012,107.1
5/18/2012,105.1
5/21/2012,105.9
5/22/2012,106.1
5/23/2012,104.1
5/24/2012,103.4
5/25/2012,104.5
5/28/2012,105
5/29/2012,105.1
5/30/2012,102.7
5/31/2012,101
6/1/2012,97.44
6/4/2012,95.48
6/5/2012,96.19
6/6/2012,97.89
6/7/2012,97.7
6/8/2012,95.87
6/11/2012,97.34
6/12/2012,94.99
6/13/2012,95.56
6/14/2012,95.22
6/15/2012,96.02
6/18/2012,95.03
6/19/2012,93.73
6/20/2012,93.08
6/21/2012,89.48
6/22/2012,88.74
6/25/2012,88.92
6/26/2012,90.13
6/27/2012,90.91
6/28/2012,90.92
6/29/2012,92.99
7/2/2012,94.07
7/3/2012,96.44
7/4/2012,97.3
7/5/2012,98.34
7/6/2012,96.84
7/9/2012,96.83
7/10/2012,96.33
7/11/2012,96.74
7/12/2012,97.32
7/13/2012,99.1
7/16/2012,99.93
7/17/2012,101.2
7/18/2012,101.7
7/19/2012,103.7
7/20/2012,103.7
7/23/2012,100
7/24/2012,100.5
7/25/2012,100.2
7/26/2012,101.4
7/27/2012,102.9
7/30/2012,102.9
7/31/2012,102.2
8/1/2012,102.5
8/2/2012,103
8/3/2012,104.4
8/6/2012,105.6
8/7/2012,107.5
8/8/2012,108.3
8/9/2012,108.3
8/10/2012,109.1
8/13/2012,109.6
8/14/2012,110.1
8/15/2012,110.6
8/16/2012,112.1
8/17/2012,111.5
8/20/2012,111.4
8/21/2012,112.2
8/22/2012,112.2
8/23/2012,113.5
8/24/2012,112.1
8/27/2012,112
8/28/2012,110.2
8/29/2012,109.9
8/30/2012,110.6
8/31/2012,111.1
9/3/2012,112.1
9/4/2012,112.8
9/5/2012,111.2
9/6/2012,111.7
9/7/2012,111.5
9/10/2012,112.3
9/11/2012,112.6
9/12/2012,113.3
9/13/2012,113.4
9/14/2012,114.8
9/17/2012,113.7
9/18/2012,110.9
9/19/2012,108.4
9/20/2012,105.8
9/21/2012,108.1
9/24/2012,107.4
9/25/2012,107.9
9/26/2012,106.8
9/27/2012,108.2
9/28/2012,109.6
10/1/2012,109.2
10/2/2012,109.3
10/3/2012,107
10/4/2012,106.9
10/5/2012,108.7
10/8/2012,107.9
10/9/2012,109.4
10/10/2012,110.9
10/11/2012,111.3
10/12/2012,111
10/15/2012,110.7
10/16/2012,111
10/17/2012,110.2
10/18/2012,109.7
10/19/2012,108.9
10/22/2012,107.1
10/23/2012,105.9
10/24/2012,105.6
10/25/2012,105.8
10/26/2012,106.3
10/29/2012,105.9
10/30/2012,106.1
10/31/2012,106.1
11/1/2012,106.2
11/2/2012,105
11/5/2012,103.4
11/6/2012,105.7
11/7/2012,106.8
11/8/2012,104.5
11/9/2012,105.2
11/12/2012,106.5
11/13/2012,105.9
11/14/2012,106.2
11/15/2012,107.2
11/16/2012,107
11/19/2012,108.7
11/20/2012,108.3
11/21/2012,107.8
11/22/2012,107.9
11/23/2012,108
11/26/2012,108.4
11/27/2012,108
11/28/2012,106.9
11/29/2012,107.4
11/30/2012,108.5
12/3/2012,108.4
12/4/2012,107.6
12/5/2012,107.2
12/6/2012,105.6
12/7/2012,104.7
12/10/2012,105
12/11/2012,104.8
12/12/2012,105.8
12/13/2012,106
12/14/2012,105.7
12/17/2012,106
12/18/2012,106.3
12/19/2012,107.1
12/20/2012,107.2
12/21/2012,106.6
12/24/2012,105.9
12/26/2012,106.9
12/27/2012,108
12/28/2012,107.8
12/31/2012,107.7
1/2/2013,108.9
1/3/2013,109.1
1/4/2013,108.6
1/7/2013,108.1
1/8/2013,108.7
1/9/2013,109
1/10/2013,109.3
1/11/2013,108.2
1/14/2013,108
1/15/2013,108.3
1/16/2013,107.7
1/17/2013,108
1/18/2013,108.9
1/21/2013,109.3
1/22/2013,109.4
1/23/2013,109.7
1/24/2013,109.8
1/25/2013,110.2
1/28/2013,110.1
1/29/2013,110.5
1/30/2013,111.4
1/31/2013,112.3
2/1/2013,112.6
2/4/2013,112.9
2/5/2013,112.6
2/6/2013,113.1
2/7/2013,113.6
2/8/2013,114.4
2/11/2013,114.3
2/12/2013,114.3
2/13/2013,114.9
2/14/2013,114.6
2/15/2013,114.2
2/18/2013,114.1
2/19/2013,113.6
2/20/2013,113.2
2/21/2013,111.2
2/22/2013,110.9
2/25/2013,111.2
2/26/2013,110.1
2/27/2013,109.6
2/28/2013,108.6
3/1/2013,106.7
3/4/2013,106.1
3/5/2013,106.9
3/6/2013,107.6
3/7/2013,107.3
3/8/2013,107
3/11/2013,106.9
3/12/2013,106.5
3/13/2013,106
3/14/2013,105.8
3/15/2013,106.6
3/18/2013,106.3
3/19/2013,106.5
3/20/2013,105.8
3/21/2013,105.6
3/22/2013,105.1
3/25/2013,105.4
3/26/2013,105.8
3/27/2013,106.7
3/28/2013,107.2
4/1/2013,106.9
4/2/2013,108.1
4/3/2013,106.8
4/4/2013,104.2
4/5/2013,103.1
4/8/2013,102.3
4/9/2013,102.7
4/10/2013,103.2
4/11/2013,102.4
4/12/2013,100.6
4/15/2013,98.56
4/16/2013,97.15
4/17/2013,96.71
4/18/2013,96.35
4/19/2013,97.4
4/22/2013,97.75
4/23/2013,97.52
4/24/2013,98.96
4/25/2013,99.89
4/26/2013,100.7
4/29/2013,100.9
4/30/2013,100.6
5/1/2013,99.97
5/2/2013,98.97
5/3/2013,101.4
5/6/2013,102.6
5/7/2013,102.7
5/8/2013,102.1
5/9/2013,101.6
5/10/2013,101
5/13/2013,100.4
5/14/2013,100.2
5/15/2013,99.66
5/16/2013,100.8
5/17/2013,101.4
5/20/2013,101.9
5/21/2013,101.3
5/22/2013,100.3
5/23/2013,99.03
5/24/2013,99.15
5/27/2013,99.56
5/28/2013,101.1
5/29/2013,100.5
5/30/2013,99.77
5/31/2013,98.78
6/3/2013,98.88
6/4/2013,99.87
6/5/2013,101
6/6/2013,100.9
6/7/2013,101.6
6/10/2013,101.3
6/11/2013,100.7
6/12/2013,100.8
6/13/2013,101.2
6/14/2013,103.3
6/17/2013,103.8
6/18/2013,103.1
6/19/2013,103.7
6/20/2013,101.4
6/21/2013,99.82
6/24/2013,98.33
6/25/2013,99.79
6/26/2013,99.39
6/27/2013,100.3
6/28/2013,100.7
7/1/2013,100.1
7/2/2013,100.6
7/3/2013,102.2
7/4/2013,102.3
7/5/2013,103.2
7/8/2013,103.9
7/9/2013,104
7/10/2013,104.6
7/11/2013,104.8
7/12/2013,104.8
7/15/2013,105.3
7/16/2013,105.3
7/17/2013,105.2
7/18/2013,106.1
7/19/2013,106.4
7/22/2013,106.1
7/23/2013,105.9
7/24/2013,105.4
7/25/2013,105.2
7/26/2013,105.1
7/29/2013,105.2
7/30/2013,104.9
7/31/2013,104.9
8/1/2013,106.1
8/2/2013,106.6
8/5/2013,106.4
8/6/2013,105.5
8/7/2013,104.8
8/8/2013,104.4
8/9/2013,104.9
8/12/2013,105.2
8/13/2013,106.7
8/14/2013,106.6
8/15/2013,107.9
8/16/2013,107.8
8/19/2013,107.8
8/20/2013,107
8/21/2013,106.9
8/22/2013,107.5
8/23/2013,108.2
8/26/2013,108.3
8/27/2013,109.2
8/28/2013,112.2
8/29/2013,112.8
8/30/2013,111.5
9/2/2013,110.3
9/3/2013,111.2
9/4/2013,111.5
9/5/2013,111.4
9/6/2013,112.1
9/9/2013,111.3
9/10/2013,109.2
9/11/2013,109.4
9/12/2013,109.8
9/13/2013,109.8
9/16/2013,109
9/17/2013,107.6
9/18/2013,107.2
9/19/2013,108.4
9/20/2013,107.3
9/23/2013,106.5
9/24/2013,105.8
9/25/2013,106.5
9/26/2013,106.3
9/27/2013,106.4
9/30/2013,105.6
10/1/2013,105.4
10/2/2013,106
10/3/2013,106.7
10/4/2013,106.9
10/7/2013,106.4
10/8/2013,107.3
10/9/2013,106.9
10/10/2013,107.6
10/11/2013,108.1
10/14/2013,108
10/15/2013,107.6
10/16/2013,107.1
10/17/2013,107
10/18/2013,106.5
10/21/2013,106.7
10/22/2013,106.7
10/23/2013,106.3
10/24/2013,105.5
10/25/2013,104.9
10/28/2013,105.7
10/29/2013,106.3
10/30/2013,106.3
10/31/2013,106.7
11/1/2013,105.5
11/4/2013,104.2
11/5/2013,103.8
11/6/2013,103.8
11/7/2013,102.6
11/8/2013,102.1
11/11/2013,103.3
11/12/2013,103.6
11/13/2013,103.5
11/14/2013,104.6
11/15/2013,105.2
11/18/2013,105
11/19/2013,105
11/20/2013,104.5
11/21/2013,105.4
11/22/2013,106.7
11/25/2013,106
11/26/2013,107.3
11/27/2013,107.1
11/28/2013,107.3
11/29/2013,107
12/2/2013,106.7
12/3/2013,108
12/4/2013,108.9
12/5/2013,108.2
12/6/2013,108
12/9/2013,107.7
12/10/2013,106.8
12/11/2013,106.8
12/12/2013,106.9
12/13/2013,105.9
12/16/2013,106.9
12/17/2013,106.5
12/18/2013,106.7
12/19/2013,107.4
12/20/2013,108.1
12/23/2013,108.7
12/24/2013,108.7
12/27/2013,109.3
12/30/2013,108.5
12/31/2013,107.9
1/2/2014,106.8
1/3/2014,104.9
1/6/2014,104.3
1/7/2014,104.5
1/8/2014,104.4
1/9/2014,104.2
1/10/2014,104
1/13/2014,103.9
1/14/2014,103.9
1/15/2014,104.2
1/16/2014,104.3
1/17/2014,103.9
1/20/2014,104.1
1/21/2014,105.2
1/22/2014,105.6
1/23/2014,106.1
1/24/2014,105
1/27/2014,104.6
1/28/2014,104.6
1/29/2014,104.5
1/30/2014,105
1/31/2014,104.4
2/3/2014,102.5
2/4/2014,102.5
2/5/2014,102.6
2/6/2014,103.3
2/7/2014,104.4
2/10/2014,105.5
2/11/2014,105.3
2/12/2014,105.4
2/13/2014,105.2
2/14/2014,105.5
2/17/2014,106.1
2/18/2014,106.5
2/19/2014,107.1
2/20/2014,106.7
2/21/2014,106.6
2/24/2014,106.7
2/25/2014,106.5
2/26/2014,106.4
2/27/2014,106.1
2/28/2014,105.9
3/3/2014,107.8
3/4/2014,106.3
3/5/2014,105.2
3/6/2014,104.3
3/7/2014,104.9
3/10/2014,104.4
3/11/2014,104.3
3/12/2014,103.7
3/13/2014,103.7
3/14/2014,103.8
3/17/2014,103.8
3/18/2014,103.2
3/19/2014,103.1
3/20/2014,102.3
3/21/2014,103.3
3/24/2014,103.1
3/25/2014,103.3
3/26/2014,103.6
3/27/2014,103.7
3/28/2014,104.2
3/31/2014,104
4/1/2014,103.2
4/2/2014,101.7
4/3/2014,101.5
4/4/2014,103.1
4/7/2014,102.1
4/8/2014,103.1
4/9/2014,104.2
4/10/2014,104.3
4/11/2014,104
4/14/2014,104.8
4/15/2014,105.2
4/16/2014,106
4/17/2014,105.5
4/21/2014,105.3
4/22/2014,105.1
4/23/2014,104.9
4/24/2014,105.2
4/25/2014,105.3
4/28/2014,105.4
4/29/2014,104.9
4/30/2014,103.9
5/1/2014,103.7
5/2/2014,104.2
5/5/2014,104.3
5/6/2014,103.6
5/7/2014,103.6
5/8/2014,103.9
5/9/2014,104.4
5/12/2014,104.2
5/13/2014,104.5
5/14/2014,105.6
5/15/2014,105.6
5/16/2014,105.9
5/19/2014,106.4
5/20/2014,106.1
5/21/2014,106.8
5/22/2014,107
5/23/2014,106.9
5/26/2014,106.7
5/27/2014,106.7
5/28/2014,106.3
5/29/2014,106.4
5/30/2014,105.9
6/2/2014,105.6
6/3/2014,105.1
6/4/2014,105.5
6/5/2014,104.7
6/6/2014,105.3
6/9/2014,105.7
6/10/2014,105.8
6/11/2014,106
6/12/2014,107.4
6/13/2014,109.3
6/16/2014,109
6/17/2014,108.8
6/18/2014,109.6
6/19/2014,110.2
6/20/2014,110.4
6/23/2014,110.3
6/24/2014,109.6
6/25/2014,109.6
6/26/2014,109.3
6/27/2014,109.1
6/30/2014,108.5
7/1/2014,108.6
7/2/2014,108.3
7/3/2014,107.1
7/4/2014,107.3
7/7/2014,106.8
7/8/2014,106.2
7/9/2014,105.4
7/10/2014,105.1
7/11/2014,104.8
7/14/2014,104.1
7/15/2014,103.6
7/16/2014,104.4
7/17/2014,105
7/18/2014,105.5
7/21/2014,105
7/22/2014,105.7
7/23/2014,105.3
7/24/2014,105.2
7/25/2014,105.3
7/28/2014,105.1
7/29/2014,105.4
7/30/2014,105.2
7/31/2014,103.6
8/1/2014,102.8
8/4/2014,102.5
8/5/2014,102.2
8/6/2014,102
8/7/2014,102.2
8/8/2014,103.1
8/11/2014,102.2
8/12/2014,101.6
8/13/2014,100.8
8/14/2014,100.9
8/15/2014,99.94
8/18/2014,99.42
8/19/2014,98.93
8/20/2014,99.52
8/21/2014,99.03
8/22/2014,99.19
8/25/2014,99.09
8/26/2014,99.82
8/27/2014,100
8/28/2014,99.97
8/29/2014,99.99
9/1/2014,100.1
9/2/2014,98.95
9/3/2014,98.66
9/4/2014,99.15
9/5/2014,98.38
9/8/2014,97
9/9/2014,96.99
9/10/2014,95.93
9/11/2014,95.35
9/12/2014,95.68
9/15/2014,94.68
9/16/2014,95.3
9/17/2014,95.84
9/18/2014,95.19
9/19/2014,94.44
9/22/2014,94.37
9/23/2014,94.31
9/24/2014,94.18
9/25/2014,94.25
9/26/2014,94.13
9/29/2014,94.54
9/30/2014,94.17
10/1/2014,92.19
10/2/2014,90.4
10/3/2014,90.33
10/6/2014,90.4
10/7/2014,89.37
10/8/2014,88.32
10/9/2014,88.27
10/10/2014,86.43
10/13/2014,85.93
10/14/2014,85.14
10/15/2014,81.89
10/16/2014,81.17
10/17/2014,83.19
10/20/2014,82.37
10/21/2014,82.09
10/22/2014,81.94
10/23/2014,81.67
10/24/2014,82.48
10/27/2014,82.37
10/28/2014,82.44
10/29/2014,83.24
10/30/2014,82.79
10/31/2014,81.97
11/3/2014,80.64
11/4/2014,78.67
11/5/2014,78.11
11/6/2014,78.27
11/7/2014,78.67
11/10/2014,78.98
11/11/2014,77.27
11/12/2014,76.96
11/13/2014,75.15
11/14/2014,73.47
11/17/2014,73.9
11/18/2014,74.36
11/19/2014,74.05
11/20/2014,74.03
11/21/2014,75.42
11/24/2014,75.7
11/25/2014,74.28
11/26/2014,73.7
11/27/2014,70.8
11/28/2014,68.89
12/1/2014,66.44
12/2/2014,68.13
12/3/2014,67.31
12/4/2014,66.27
12/5/2014,65.32
12/8/2014,63.78
12/9/2014,62.33
12/10/2014,61.35
12/11/2014,60.5
12/12/2014,58.65
12/15/2014,57.92
12/16/2014,55.91
12/17/2014,55.64
12/18/2014,56.3
12/19/2014,55.52
12/22/2014,56.9
12/23/2014,55.59
12/24/2014,56.03
12/29/2014,54.44
12/30/2014,52.39
12/31/2014,52
1/2/2015,51.78
1/5/2015,48.87
1/6/2015,46.57
1/7/2015,44.79
1/8/2015,45.68
1/9/2015,45.19
1/12/2015,43.55
1/13/2015,41.5
1/14/2015,41.65
1/15/2015,43.14
1/16/2015,43.4
1/19/2015,43.87
1/20/2015,43.04
1/21/2015,43.25
1/22/2015,43.05
1/23/2015,43.69
1/26/2015,42.9
1/27/2015,43.24
1/28/2015,44.08
1/29/2015,43.88
1/30/2015,44.83
2/2/2015,48.19
2/3/2015,51.77
2/4/2015,52.22
2/5/2015,50.81
2/6/2015,53.36
2/9/2015,53.58
2/10/2015,53.14
2/11/2015,52.21
2/12/2015,52.86
2/13/2015,55.97
2/16/2015,56.43
2/17/2015,56.69
2/18/2015,56.83
2/19/2015,56.29
2/20/2015,56.55
2/23/2015,54.09
2/24/2015,53.54
2/25/2015,53.81
2/26/2015,56.07
2/27/2015,56.83
3/2/2015,56.74
3/3/2015,55.94
3/4/2015,55.82
3/5/2015,55.77
3/6/2015,55.63
3/9/2015,54.53
3/10/2015,53.03
3/11/2015,52.25
3/12/2015,53.16
3/13/2015,51.66
3/16/2015,49.46
3/17/2015,48.76
3/18/2015,49.17
3/19/2015,50.17
3/20/2015,49.93
3/23/2015,50.3
3/24/2015,50.92
3/25/2015,50.83
3/26/2015,54.55
3/27/2015,52.93
3/30/2015,51.45
3/31/2015,51.06
4/1/2015,52.48
4/2/2015,52.93
4/6/2015,53.2
4/7/2015,54.61
4/8/2015,54.28
4/9/2015,53.52
4/10/2015,54.04
4/13/2015,55.86
4/14/2015,55.91
4/15/2015,57.01
4/16/2015,58.88
4/17/2015,59.52
4/20/2015,59.5
4/21/2015,58.84
4/22/2015,58.09
4/23/2015,59.14
4/24/2015,60.95
4/27/2015,61.06
4/28/2015,60.41
4/29/2015,60.92
4/30/2015,62.21
5/1/2015,62.23
5/4/2015,62.85
5/5/2015,63.62
5/6/2015,64.96
5/7/2015,63.98
5/8/2015,62.44
5/11/2015,62.03
5/12/2015,62.49
5/13/2015,63.77
5/14/2015,63.13
5/15/2015,62.74
5/18/2015,62.98
5/19/2015,61.11
5/20/2015,60.91
5/21/2015,61.86
5/22/2015,62.03
5/25/2015,61.18
5/26/2015,60.73
5/27/2015,60.43
5/28/2015,59.33
5/29/2015,60.47
6/1/2015,60.46
6/2/2015,62.26
6/3/2015,61.49
6/4/2015,59.61
6/5/2015,58.61
6/8/2015,59.42
6/9/2015,60.27
6/10/2015,62.41
6/11/2015,62.14
6/12/2015,61.17
6/15/2015,60.17
6/16/2015,60.08
6/17/2015,60.27
6/18/2015,60.56
6/19/2015,59.98
6/22/2015,59.36
6/23/2015,59.96
6/24/2015,60.68
6/25/2015,59.58
6/26/2015,59.14
6/29/2015,58.24
6/30/2015,58.79
7/1/2015,59.81
7/2/2015,59.31
7/3/2015,58.35
7/6/2015,55.79
7/7/2015,54.25
7/8/2015,53.78
7/9/2015,55.54
7/10/2015,55.99
7/13/2015,55.23
7/14/2015,54.55
7/15/2015,54.94
7/16/2015,54.23
7/17/2015,53.99
7/20/2015,53.79
7/21/2015,53.57
7/22/2015,53.45
7/23/2015,53.04
7/24/2015,52.08
7/27/2015,51.3
7/28/2015,50.55
7/29/2015,50.83
7/30/2015,51.46
7/31/2015,50.51
8/3/2015,48.4
8/4/2015,47.9
8/5/2015,47.89
8/6/2015,47.09
8/7/2015,46.95
8/10/2015,47.32
8/11/2015,47.66
8/12/2015,47.09
8/13/2015,47.29
8/14/2015,46.62
8/17/2015,45.96
8/18/2015,45.77
8/19/2015,45.39
8/20/2015,44.13
8/21/2015,43
8/24/2015,40.67
8/25/2015,40.47
8/26/2015,40.51
8/27/2015,42.37
8/28/2015,45.19
8/31/2015,47.01
9/1/2015,47.8
9/2/2015,45.56
9/3/2015,47.4
9/4/2015,46.83
9/7/2015,45.59
9/8/2015,45.38
9/9/2015,45.96
9/10/2015,44.83
9/11/2015,44.64
9/14/2015,43.85
9/15/2015,43.13
9/16/2015,44.57
9/17/2015,45.1
9/18/2015,44.34
9/21/2015,43.81
9/22/2015,43.84
9/23/2015,44.69
9/24/2015,44.48
9/25/2015,43.76
9/28/2015,43.54
9/29/2015,43.51
9/30/2015,43.58
10/1/2015,44.48
10/2/2015,43.82
10/5/2015,44.95
10/6/2015,46.08
10/7/2015,48.24
10/8/2015,48.1
10/9/2015,48.79
10/12/2015,47.97
10/13/2015,46
10/14/2015,45.21
10/15/2015,45.05
10/16/2015,45.71
10/19/2015,44.92
10/20/2015,43.87
10/21/2015,43.67
10/22/2015,43.44
10/23/2015,43.45
10/26/2015,43.13
10/27/2015,42.4
10/28/2015,43.2
10/29/2015,44.34
10/30/2015,43.66
11/2/2015,43.95
11/3/2015,43.89
11/4/2015,44.43
11/5/2015,43.28
11/6/2015,42.72
11/9/2015,42.13
11/10/2015,42.26
11/11/2015,41.53
11/12/2015,40.21
11/13/2015,39.21
11/16/2015,38.18
11/17/2015,38.29
11/18/2015,38.04
11/19/2015,38.52
11/20/2015,38.37
11/23/2015,38.35
11/24/2015,39.59
11/25/2015,39.81
11/26/2015,39.65
11/27/2015,39.08
11/30/2015,38.93
12/1/2015,39.25
12/2/2015,38.4
12/3/2015,37.84
12/4/2015,38.03
12/7/2015,36.4
12/8/2015,35.25
12/9/2015,34.74
12/10/2015,34.64
12/11/2015,33.71
12/14/2015,32.55
12/15/2015,32.56
12/16/2015,32.28
12/17/2015,31.49
12/18/2015,31.63
12/21/2015,30.74
12/22/2015,31.15
12/23/2015,31.25
12/24/2015,32.17
12/28/2015,31.71
12/29/2015,31.55
12/30/2015,31.42
12/31/2015,31.27
1/4/2016,31.79
1/5/2016,31.21
1/6/2016,29.71
1/7/2016,27.85
1/8/2016,28.47
1/11/2016,27.07
1/12/2016,25.76
1/13/2016,25.69
1/14/2016,25
1/15/2016,24.74
1/18/2016,23.58
1/19/2016,23.85
1/20/2016,22.48
1/21/2016,22.89
1/22/2016,25.5
1/25/2016,25.58
1/26/2016,25.11
1/27/2016,26.4
1/28/2016,28.28
1/29/2016,29.11
2/1/2016,29.73
2/2/2016,28.4
2/3/2016,28.65
2/4/2016,29.93
2/5/2016,29.3
2/8/2016,29
2/9/2016,28.33
2/10/2016,25.93
2/11/2016,25.21
2/12/2016,26.74
2/15/2016,28.44
2/16/2016,29.35
2/17/2016,28.18
2/18/2016,29.96
2/19/2016,29.17
2/22/2016,29.48
2/23/2016,28.94
2/24/2016,28.3
2/25/2016,29.19
2/26/2016,30.74
2/29/2016,30.13
3/1/2016,31.65
3/2/2016,31.72
3/3/2016,31.68
3/4/2016,32.42
3/7/2016,34.43
3/8/2016,35.07
3/9/2016,35.05
3/10/2016,35.23
3/11/2016,35.62
3/14/2016,34.74
3/15/2016,33.69
3/16/2016,34.5
3/17/2016,36.36
3/18/2016,36.59
3/21/2016,36.27
3/22/2016,36.67
3/23/2016,36.19
3/24/2016,34.96
3/25/2016,34.96
3/28/2016,35.48
3/29/2016,34.5
3/30/2016,34.91
3/31/2016,34.33
4/1/2016,34.54
4/4/2016,33.4
4/5/2016,32.71
4/6/2016,33.93
4/7/2016,34.71
4/8/2016,36.01
4/11/2016,37.02
4/12/2016,38.62
4/13/2016,38.91
4/14/2016,38.58
4/15/2016,38.05
4/18/2016,36.58
4/19/2016,38.27
4/20/2016,38.46
4/21/2016,40.09
4/22/2016,39.78
4/25/2016,39.4
4/26/2016,39.88
4/27/2016,41.38
4/28/2016,42.02
4/29/2016,42.7
5/2/2016,42.48
5/3/2016,41.03
5/4/2016,40.45
5/5/2016,41.16
5/6/2016,40.57
5/9/2016,40.77
5/10/2016,40.23
5/11/2016,41.43
5/12/2016,43.33
5/13/2016,43.3
5/16/2016,44.37
5/17/2016,44.82
5/18/2016,44.88
5/19/2016,43.84
5/20/2016,44.77
5/23/2016,44.07
5/24/2016,44.02
5/25/2016,44.97
5/26/2016,45.43
5/27/2016,44.76
5/30/2016,44.8
5/31/2016,45.15
6/1/2016,45.28
6/2/2016,45.67
6/3/2016,45.82
6/6/2016,46.1
6/7/2016,46.63
6/8/2016,47.76
6/9/2016,48.02
6/10/2016,47.05
6/13/2016,46.25
6/14/2016,45.64
6/15/2016,45.36
6/16/2016,44.03
6/17/2016,44.18
6/20/2016,46.24
6/21/2016,46.02
6/22/2016,46.46
6/23/2016,46.16
6/24/2016,44.88
6/27/2016,44.32
6/28/2016,44.46
6/29/2016,45.82
6/30/2016,46.27
7/1/2016,45.42
7/4/2016,46.08
7/5/2016,44.34
7/6/2016,44.35
7/7/2016,44.19
7/8/2016,42.59
7/11/2016,42.21
7/12/2016,43.22
7/13/2016,43.19
7/14/2016,42.88
7/15/2016,43.24
7/18/2016,43.36
7/19/2016,42.66
7/20/2016,42.73
7/21/2016,42.93
7/22/2016,41.71
7/25/2016,41.35
7/26/2016,40.62
7/27/2016,40.49
7/28/2016,39.79
7/29/2016,38.97
8/1/2016,39.1
8/2/2016,38.29
8/3/2016,38.43
8/4/2016,39.6
8/5/2016,40.08
8/8/2016,41.1
8/9/2016,41.08
8/10/2016,40.57
8/11/2016,40.62
8/12/2016,42.6
8/15/2016,43.92
8/16/2016,45.03
8/17/2016,45.34
8/18/2016,46.5
8/19/2016,46.82
8/22/2016,46.04
8/23/2016,45.34
8/24/2016,45.25
8/25/2016,45.28
8/26/2016,45.75
8/29/2016,45.44
8/30/2016,45.25
8/31/2016,43.91
9/1/2016,42
9/2/2016,41.47
9/5/2016,43.54
9/6/2016,42.75
9/7/2016,43.18
9/8/2016,44.61
9/9/2016,44.55
9/12/2016,44.53
9/13/2016,42.91
9/14/2016,42.56
9/15/2016,41.67
9/16/2016,41.74
9/19/2016,42.09
9/20/2016,41.55
9/21/2016,42.54
9/22/2016,43.27
9/23/2016,42.89
9/26/2016,42.16
9/27/2016,42.3
9/28/2016,42.21
9/29/2016,44.34
9/30/2016,44.63
10/3/2016,46.65
10/4/2016,46.72
10/5/2016,47.75
10/6/2016,47.86
10/7/2016,48.59
10/10/2016,48.31
10/11/2016,48.81
10/12/2016,48.68
10/13/2016,48.07
10/14/2016,48.63
10/17/2016,48.22
10/18/2016,48.24
10/19/2016,49.06
10/20/2016,48.51
10/21/2016,48.08
10/24/2016,48.15
10/25/2016,47.83
10/26/2016,46.96
10/27/2016,47.23
10/28/2016,47.04
10/31/2016,45.83
11/1/2016,44.51
11/2/2016,43.1
11/3/2016,42.62
11/4/2016,41.85
11/7/2016,41.98
11/8/2016,42.22
11/9/2016,41.9
11/10/2016,42.67
11/11/2016,41.54
11/14/2016,40.94
11/15/2016,41.84
11/16/2016,42.9
11/17/2016,42.83
11/18/2016,42.33
11/21/2016,44.34
11/22/2016,45.25
11/23/2016,45.37
11/24/2016,45.22
11/25/2016,44.88
11/28/2016,43.84
11/29/2016,43.87
11/30/2016,44.8
12/1/2016,49.28
12/2/2016,50.42
12/5/2016,51.25
12/6/2016,50.98
12/7/2016,50.22
12/8/2016,50.04
12/9/2016,50.95
12/12/2016,53.24
12/13/2016,52.39
12/14/2016,51.83
12/15/2016,50.96
12/16/2016,51.29
12/19/2016,52.18
12/20/2016,51.99
12/21/2016,52.25
12/22/2016,51.73
12/23/2016,51.74
12/27/2016,52.25
12/28/2016,53.39
12/29/2016,53.46
12/30/2016,53.3
1/3/2017,53.13
1/4/2017,52.71
1/5/2017,53.02
1/6/2017,53.5
1/9/2017,52.85
1/10/2017,51.46
1/11/2017,50.98
1/12/2017,52.3
1/13/2017,52.64
1/16/2017,52.17
1/17/2017,52.6
1/18/2017,52.22
1/19/2017,51.45
1/20/2017,51.8
1/23/2017,52.1
1/24/2017,52.51
1/25/2017,52.14
1/26/2017,52.91
1/27/2017,52.88
1/30/2017,52.78
1/31/2017,52.19
2/1/2017,52.76
2/2/2017,53.93
2/3/2017,54.24
2/6/2017,53.77
2/7/2017,52.78
2/8/2017,52.13
2/9/2017,52.76
2/10/2017,53.23
2/13/2017,53.47
2/14/2017,53.31
2/15/2017,53.1
2/16/2017,53.14
2/17/2017,53.11
2/20/2017,53.49
2/21/2017,53.88
2/22/2017,53.48
2/23/2017,53.95
2/24/2017,53.61
2/27/2017,53.85
2/28/2017,53.4
3/1/2017,54.15
3/2/2017,53.74
3/3/2017,53.01
3/6/2017,53.13
3/7/2017,53.54
3/8/2017,52.69
3/9/2017,50.82
3/10/2017,49.81
3/13/2017,49
3/14/2017,48.63
3/15/2017,49.17
3/16/2017,49.7
3/17/2017,49.36
3/20/2017,49.18
3/21/2017,49.23
3/22/2017,48.28
3/23/2017,48.35
3/24/2017,48.26
3/27/2017,48.25
3/28/2017,48.84
3/29/2017,49.54
3/30/2017,50.2
3/31/2017,50.43
4/3/2017,50.69
4/4/2017,50.6
4/5/2017,51.96
4/6/2017,51.84
4/7/2017,52.92
4/10/2017,53.14
4/11/2017,53.37
4/12/2017,53.69
4/13/2017,53.38
4/17/2017,52.96
4/18/2017,52.3
4/19/2017,51.9
4/20/2017,50.49
4/21/2017,50.01
4/24/2017,49.66
4/25/2017,49.22
4/26/2017,49.65
4/27/2017,48.9
4/28/2017,49.33
5/1/2017,49.19
5/2/2017,49.02
5/3/2017,48.38
5/4/2017,47.49
5/5/2017,46.6
5/8/2017,46.91
5/9/2017,46.88
5/10/2017,47.35
5/11/2017,48.41
5/12/2017,48.31
5/15/2017,49.77
5/16/2017,49.75
5/17/2017,49.48
5/18/2017,49.91
5/19/2017,50.91
5/22/2017,51.54
5/23/2017,51.34
5/24/2017,51.96
5/25/2017,51.24
5/26/2017,49.48
5/29/2017,49.67
5/30/2017,49.39
5/31/2017,48.69
6/1/2017,48.85
6/2/2017,47.33
6/5/2017,47.37
6/6/2017,46.98
6/7/2017,46.78
6/8/2017,45.78
6/9/2017,45.49
6/12/2017,45.94
6/13/2017,46.01
6/14/2017,45.16
6/15/2017,44.38
6/16/2017,44.58
6/19/2017,44.46
6/20/2017,43.9
6/21/2017,43.14
6/22/2017,42.58
6/23/2017,43.02
6/26/2017,43.14
6/27/2017,44.23
6/28/2017,44.48
6/29/2017,45.36
6/30/2017,45.63
7/3/2017,47.17
7/4/2017,47.57
7/5/2017,47.04
7/6/2017,46.52
7/7/2017,45.11
7/10/2017,44.77
7/11/2017,44.79
7/12/2017,46.02
7/13/2017,45.66
7/14/2017,46.4
7/17/2017,46.8
7/18/2017,46.45
7/19/2017,46.85
7/20/2017,47.48
7/21/2017,46.99
7/24/2017,46.01
7/25/2017,47.11
7/26/2017,48.51
7/27/2017,48.88
7/28/2017,49.46
7/31/2017,49.97
8/1/2017,49.61
8/2/2017,49.75
8/3/2017,50.26
8/4/2017,49.96
8/7/2017,50.06
8/8/2017,50.5
8/9/2017,50.48
8/10/2017,50.7
8/11/2017,49.37
8/14/2017,49.46
8/15/2017,48.45
8/16/2017,48.69
8/17/2017,48.07
8/18/2017,48.86
8/21/2017,49.8
8/22/2017,49.5
8/23/2017,49.49
8/24/2017,49.76
8/25/2017,49.93
8/28/2017,49.86
8/29/2017,49.51
8/30/2017,49.41
8/31/2017,49.36
9/1/2017,49.68
9/4/2017,50.36
9/5/2017,50.99
9/6/2017,52.04
9/7/2017,52.48
9/8/2017,52.53
9/11/2017,51.82
9/12/2017,52.08
9/13/2017,52.92
9/14/2017,53.63
9/15/2017,53.64
9/18/2017,53.78
9/19/2017,53.81
9/20/2017,54.06
9/21/2017,54.59
9/22/2017,54.84
9/25/2017,55.62
9/26/2017,56.43
9/27/2017,56.07
9/28/2017,55.59
9/29/2017,55.2
10/2/2017,54.6
10/3/2017,54.28
10/4/2017,53.93
10/5/2017,54.62
10/6/2017,54.47
10/9/2017,53.7
10/10/2017,54.23
10/11/2017,54.54
10/12/2017,54.44
10/13/2017,55.12
10/16/2017,55.74
10/17/2017,55.83
10/18/2017,56.12
10/19/2017,55.52
10/20/2017,55.41
10/23/2017,55.77
10/24/2017,55.59
10/25/2017,56.33
10/26/2017,56.45
10/27/2017,57.55
10/30/2017,58.27
10/31/2017,58.53
11/1/2017,59.21
11/2/2017,58.45
11/3/2017,59.12
11/6/2017,61.02
11/7/2017,62.07
11/8/2017,61.61
11/9/2017,61.7
11/10/2017,61.91
11/13/2017,61.27
11/14/2017,60.52
11/15/2017,59.79
11/16/2017,59.98
11/17/2017,59.9
11/20/2017,60.33
11/21/2017,60.49
11/22/2017,61.09
11/23/2017,61.14
11/24/2017,61.64
11/27/2017,61.51
11/28/2017,61.31
11/29/2017,61.14
11/30/2017,61.06
12/1/2017,61.71
12/4/2017,61.45
12/5/2017,60.87
12/6/2017,60.73
12/7/2017,60.12
12/8/2017,61.03
12/11/2017,61.94
12/12/2017,62.75
12/13/2017,61.5
12/14/2017,60.87
12/15/2017,61.48
12/18/2017,61.64
12/19/2017,61.72
12/20/2017,62.16
12/21/2017,62.66
12/22/2017,62.66
12/26/2017,63.07
12/27/2017,64.24
12/28/2017,64.17
12/29/2017,64.47
1/2/2018,64.84
1/3/2018,65.13
1/4/2018,66.13
1/5/2018,65.86
1/8/2018,65.85
1/9/2018,66.39
1/10/2018,67.24
1/11/2018,67.38
1/12/2018,67.17
1/15/2018,67.78
1/16/2018,67.54
1/17/2018,67.07
1/18/2018,67.2
1/19/2018,66.48
1/22/2018,66.89
1/23/2018,67.32
1/24/2018,67.61
1/25/2018,68.46
1/26/2018,67.94
1/29/2018,67.6
1/30/2018,66.6
1/31/2018,66.28
2/1/2018,66.88
2/2/2018,67.11
2/5/2018,65.75
2/6/2018,64.89
2/7/2018,64.36
2/8/2018,62.74
2/9/2018,61.57
2/12/2018,61.04
2/13/2018,60.52
2/14/2018,60.62
2/15/2018,62.09
2/16/2018,62.41
2/19/2018,62.89
2/20/2018,62.81
2/21/2018,62.5
2/22/2018,63.08
2/23/2018,64.15
2/26/2018,65.18
2/27/2018,64.99
2/28/2018,63.97
3/1/2018,62.17
3/2/2018,61.57
3/5/2018,62.87
3/6/2018,63.24
3/7/2018,62.68
3/8/2018,61.85
3/9/2018,61.95
3/12/2018,62.53
3/13/2018,62.15
3/14/2018,61.97
3/15/2018,62.24
3/16/2018,62.74
3/19/2018,63.31
3/20/2018,64.11
3/21/2018,65.39
3/22/2018,66.19
3/23/2018,66.4
3/26/2018,66.81
3/27/2018,66.81
3/28/2018,66.06
3/29/2018,65.87
4/2/2018,66.08
4/3/2018,64.97
4/4/2018,64.48
4/5/2018,65.17
4/6/2018,64.81
4/9/2018,65.08
4/10/2018,66.95
4/11/2018,68.29
4/12/2018,68.74
4/13/2018,69.29
4/16/2018,68.41
4/17/2018,68.36
4/18/2018,69.39
4/19/2018,70.96
4/20/2018,70.37
4/23/2018,70.51
4/24/2018,71.35
4/25/2018,70.5
4/26/2018,71
4/27/2018,71.24
4/30/2018,71.02
5/1/2018,70.57
5/2/2018,70.46
5/3/2018,70.64
5/4/2018,70.98
5/7/2018,72.44
5/8/2018,72.1
5/9/2018,73.95
5/10/2018,74.45
5/11/2018,74.41
5/14/2018,74.2
5/15/2018,75.47
5/16/2018,75.18
5/17/2018,76.76
5/18/2018,76.47
5/21/2018,76.22
5/22/2018,77.19
5/23/2018,76.43
5/24/2018,76.62
5/25/2018,74.87
5/28/2018,73.37
5/29/2018,72.91
5/30/2018,73.73
5/31/2018,75.18
6/1/2018,74.25
6/4/2018,73.57
6/5/2018,72.8
6/6/2018,73.07
6/7/2018,73.63
6/8/2018,74.23
6/11/2018,73.97
6/12/2018,74.12
6/13/2018,73.36
6/14/2018,73.81
6/15/2018,72.8
6/18/2018,71.1
6/19/2018,71.88
6/20/2018,72.49
6/21/2018,70.96
6/22/2018,71.89
6/25/2018,72.16
6/26/2018,72.69
6/27/2018,74.31
6/28/2018,74.86
6/29/2018,75.68
7/2/2018,75.61
7/3/2018,74.96
7/4/2018,75.38
7/5/2018,75.21
7/6/2018,74.5
7/9/2018,75.23
7/10/2018,76.34
7/11/2018,74.4
7/12/2018,72.15
7/13/2018,72.15
7/16/2018,71.9
7/17/2018,70.38
7/18/2018,69.98
7/19/2018,70.91
7/20/2018,71.57
7/23/2018,71.85
7/24/2018,72.01
7/25/2018,72.87
7/26/2018,73.62
7/27/2018,73.69
7/30/2018,73.53
7/31/2018,73.62
8/1/2018,72
8/2/2018,71.52
8/3/2018,71.98
8/6/2018,72.18
8/7/2018,72.49
8/8/2018,72.1
8/9/2018,72.03
8/10/2018,70.6
8/13/2018,70.97
8/14/2018,71.33
8/15/2018,69.77
8/16/2018,69.47
8/17/2018,70.27
8/20/2018,70.64
8/21/2018,71.01
8/22/2018,71.75
8/23/2018,73.01
8/24/2018,74.02
8/27/2018,74.09
8/28/2018,74.75
8/29/2018,74.48
8/30/2018,75.72
8/31/2018,75.74
9/3/2018,75.77
9/4/2018,76.32
9/5/2018,75.18
9/6/2018,74.51
9/7/2018,74.17
9/10/2018,75.2
9/11/2018,76.02
9/12/2018,77.16
9/13/2018,76.46
9/14/2018,76.05
9/17/2018,76.19
9/18/2018,76.09
9/19/2018,77.06
9/20/2018,77.13
9/21/2018,77.08
9/24/2018,78.81
9/25/2018,80.44
9/26/2018,81.58
9/27/2018,80.88
9/28/2018,81.48
10/1/2018,81.58
10/2/2018,83.28
10/3/2018,83.64
10/4/2018,84.09
10/5/2018,83.24
10/8/2018,81.88
10/9/2018,83.17
10/10/2018,82.6
10/11/2018,80.14
10/12/2018,79.36
10/15/2018,79.31
10/16/2018,79.02
10/17/2018,79.5
10/18/2018,78.25
10/19/2018,78.15
10/22/2018,78.68
10/23/2018,77.11
10/24/2018,75.04
10/25/2018,75.33
10/26/2018,75.71
10/29/2018,76.07
10/30/2018,75.51
10/31/2018,75.24
11/1/2018,72.64
11/2/2018,71.35
11/5/2018,71.45
11/6/2018,70.88
11/7/2018,70.63
11/8/2018,70.68
11/9/2018,68.89
11/12/2018,69.82
11/13/2018,67.01
11/14/2018,64.51
11/15/2018,65.28
11/16/2018,66
11/19/2018,65.46
11/20/2018,64.02
11/21/2018,62.33
11/22/2018,62.08
11/23/2018,60.27
11/26/2018,59.29
11/27/2018,59.05
11/28/2018,59.25
11/29/2018,58.09
11/30/2018,58.33
12/3/2018,60.57
12/4/2018,61.09
12/5/2018,60.08
12/6/2018,58.79
12/7/2018,59.2
12/10/2018,59.72
12/11/2018,58.57
12/12/2018,59.2
12/13/2018,58.67
12/14/2018,59.07
12/17/2018,58.24
12/18/2018,56.08
12/19/2018,55.13
12/20/2018,53.92
12/21/2018,52.64
12/26/2018,50.11
12/27/2018,52.35
12/28/2018,51.55
1/2/2019,52.14
1/3/2019,52.93
1/4/2019,55.13
1/7/2019,56.42
1/8/2019,56.09
1/9/2019,58.22
1/10/2019,59.46
1/11/2019,60
1/14/2019,58.39
1/15/2019,58.24
1/16/2019,59.52
1/17/2019,59.63
1/18/2019,60.9
1/21/2019,61.49
1/22/2019,60.66
1/23/2019,60.52
1/24/2019,60.22
1/25/2019,60.9
1/28/2019,59.57
1/29/2019,59.71
1/30/2019,60.93
1/31/2019,61.19
2/1/2019,60.96
2/4/2019,62.33
2/5/2019,62.07
2/6/2019,62.3
2/7/2019,61.57
2/8/2019,61.37
2/11/2019,61.4
2/12/2019,61.88
2/13/2019,62.94
2/14/2019,64.28
2/15/2019,64.87
2/18/2019,66.03
2/19/2019,65.79
2/20/2019,65.97
2/21/2019,66.5
2/22/2019,66.56
2/25/2019,65.36
2/26/2019,64.08
2/27/2019,64.97
2/28/2019,65.28
3/1/2019,65.32
3/4/2019,64.86
3/5/2019,64.98
3/6/2019,65.04
3/7/2019,65.57
3/8/2019,64.78
3/11/2019,66.01
3/12/2019,66.3
3/13/2019,66.6
3/14/2019,67.29
3/15/2019,66.91
3/18/2019,66.87
3/19/2019,67.25
3/20/2019,67.54
3/21/2019,67.78
3/22/2019,66.67
3/25/2019,66.19
3/26/2019,67.03
3/27/2019,67.15
3/28/2019,66.38
3/29/2019,67.23
4/1/2019,68.31
4/2/2019,68.83
4/3/2019,69.12
4/4/2019,68.76
4/5/2019,69.02
4/8/2019,70.33
4/9/2019,70.35
4/10/2019,70.31
4/11/2019,70.41
4/12/2019,70.44
4/15/2019,70.21
4/16/2019,70.11
4/17/2019,70.81
4/18/2019,70.83
4/22/2019,72.44
4/23/2019,73.37
4/24/2019,73.43
4/25/2019,74.04
4/26/2019,72.38
4/29/2019,71.07
4/30/2019,71.91
5/1/2019,72
5/2/2019,70.98
5/3/2019,70.61
5/6/2019,70.23
5/7/2019,70.45
5/8/2019,69.88
5/9/2019,69.66
5/10/2019,70.66
5/13/2019,71.21
5/14/2019,70.66
5/15/2019,71.26
5/16/2019,72.61
5/17/2019,72.57
5/20/2019,72.47
5/21/2019,71.71
5/22/2019,71.03
5/23/2019,68.56
5/24/2019,67.4
5/27/2019,67.42
5/28/2019,68.84
5/29/2019,67.75
5/30/2019,67.1
5/31/2019,64.15
6/3/2019,61.61
6/4/2019,61.63
6/5/2019,61.04
6/6/2019,60.88
6/7/2019,62.71
6/10/2019,63.01
6/11/2019,62.56
6/12/2019,61.01
6/13/2019,61.51
6/14/2019,61.25
6/17/2019,61.6
6/18/2019,61.43
6/19/2019,62.21
6/20/2019,63.95
6/21/2019,65.29
6/24/2019,65.05
6/25/2019,64.79
6/26/2019,65.6
6/27/2019,65.61
6/28/2019,65.6
7/1/2019,65.71
7/2/2019,63.95
7/3/2019,62.69
7/4/2019,63.43
7/5/2019,63.55
7/8/2019,64.72
7/9/2019,64.35
7/10/2019,66.1
7/11/2019,67.57
7/12/2019,67.36
7/15/2019,66.79
7/16/2019,66.13
7/17/2019,64.6
7/18/2019,63.1
7/19/2019,62.93
7/22/2019,64.27
7/23/2019,63.92
7/24/2019,64.58
7/25/2019,64.55
7/26/2019,64.02
7/29/2019,63.79
7/30/2019,64.62
7/31/2019,65.53
8/1/2019,63.37
8/2/2019,61.55
8/5/2019,60.41
8/6/2019,59.59
8/7/2019,57.7
8/8/2019,57.38
8/9/2019,57.88
8/12/2019,57.84
8/13/2019,59.34
8/14/2019,59.88
8/15/2019,58.77
8/16/2019,59.03
8/19/2019,59.46
8/20/2019,59.94
8/21/2019,60.66
8/22/2019,60.5
8/23/2019,59.67
8/26/2019,59.18
8/27/2019,58.98
8/28/2019,60.16
8/29/2019,60.24
8/30/2019,60.11
9/2/2019,58.76
9/3/2019,57.81
9/4/2019,58.97
9/5/2019,60.58
9/6/2019,60.75
9/9/2019,62
9/10/2019,62.74
9/11/2019,62.08
9/12/2019,60.51
9/13/2019,60.02
9/16/2019,66.43
9/17/2019,67.88
9/18/2019,64.57
9/19/2019,64.39
9/20/2019,65.3
9/23/2019,64.51
9/24/2019,63.93
9/25/2019,62.35
9/26/2019,62.31
9/27/2019,62.51
9/30/2019,61.09
10/1/2019,59.68
10/2/2019,58.75
10/3/2019,57.99
10/4/2019,58.62
10/7/2019,59.12
10/8/2019,58.56
10/9/2019,58.68
10/10/2019,58.74
10/11/2019,60.97
10/14/2019,59.95
10/15/2019,59.62
10/16/2019,59.28
10/17/2019,59.54
10/18/2019,60.06
10/21/2019,59.5
10/22/2019,59.78
10/23/2019,60.42
10/24/2019,61.63
10/25/2019,62.16
10/28/2019,61.65
10/29/2019,61.44
10/30/2019,61.24
10/31/2019,60.52
11/1/2019,60.19
11/4/2019,62
11/5/2019,62.57
11/6/2019,62.39
11/7/2019,62.32
11/8/2019,61.98
11/11/2019,62.26
11/12/2019,62.82
11/13/2019,62.48
11/14/2019,63
11/15/2019,63.12
11/18/2019,63.44
11/19/2019,62.51
11/20/2019,62.22
11/21/2019,63.68
11/22/2019,64.56
11/25/2019,64.21
11/26/2019,63.92
11/27/2019,64.4
11/28/2019,63.94
11/29/2019,63.83
12/2/2019,62.5
12/3/2019,62.57
12/4/2019,63.39
12/5/2019,64.81
12/6/2019,65.24
12/9/2019,65.57
12/10/2019,65.66
12/11/2019,65.38
12/12/2019,65.81
12/13/2019,66.76
12/16/2019,67.22
12/17/2019,67.48
12/18/2019,67.77
12/19/2019,67.93
12/20/2019,68
12/23/2019,67.58
12/24/2019,67.99
12/26/2019,68.48
12/27/2019,69.07
12/30/2019,68.89
12/31/2019,67.96
1/2/2020,67.12
1/3/2020,69.38
1/6/2020,70.87
1/7/2020,69.6
1/8/2020,69.58
1/9/2020,67.24
1/10/2020,67.02
1/13/2020,66.07
1/14/2020,65.63
1/15/2020,65.32
1/16/2020,65.62
1/17/2020,65.58
1/20/2020,66.11
1/21/2020,65.26
1/22/2020,64.66
1/23/2020,63.26
1/24/2020,62.52
1/27/2020,61.98
1/28/2020,60.67
1/29/2020,61.04
1/30/2020,58.8
1/31/2020,58.94
2/3/2020,55.53
2/4/2020,54.68
2/5/2020,55.01
2/6/2020,55.74
2/7/2020,55.13
2/10/2020,54.21
2/11/2020,54.2
2/12/2020,55.59
2/13/2020,55.9
2/14/2020,56.77
2/17/2020,57.28
2/18/2020,56.72
2/19/2020,58.39
2/20/2020,58.98
2/21/2020,58.21
2/24/2020,56.14
2/25/2020,55.91
2/26/2020,54.04
2/27/2020,51.92
2/28/2020,50.19
3/2/2020,51.68
3/3/2020,52.66
3/4/2020,52.01
3/5/2020,51.75
3/6/2020,48.35
3/9/2020,34.72
3/10/2020,35.73
3/11/2020,35.56
3/12/2020,33.27
3/13/2020,34.14
3/16/2020,30.63
3/17/2020,30.36
3/18/2020,27.31
3/19/2020,26.73
3/20/2020,28.57
3/23/2020,24.72
3/24/2020,26.53
3/25/2020,26.94
3/26/2020,26.04
3/27/2020,24.26
3/30/2020,21.66
3/31/2020,22.61
4/1/2020,16.85
4/2/2020,18.91
4/3/2020,23.01
4/6/2020,23.48
4/7/2020,22.67
4/8/2020,21.19
4/9/2020,21.77
4/13/2020,21.18
4/14/2020,19.7
4/15/2020,17.51
4/16/2020,17.73
4/17/2020,18.17
4/20/2020,14.19
4/21/2020,14.63
4/22/2020,12.22
4/23/2020,15.23
4/24/2020,14.31
4/27/2020,13.3
4/28/2020,12.41
4/29/2020,14.36
4/30/2020,18.05
5/1/2020,16.52
5/4/2020,18.36
5/5/2020,21.43
5/6/2020,22.4
5/7/2020,22.91
5/8/2020,22.21
5/11/2020,22.71
5/12/2020,22.83
5/13/2020,23.25
5/14/2020,24.93
5/15/2020,26.54
5/18/2020,28.21
5/19/2020,28.43
5/20/2020,28.68
5/21/2020,29.7
5/22/2020,28.06
5/26/2020,29.75
5/27/2020,29.03
5/28/2020,28.45
5/29/2020,29.01
6/1/2020,33.69
6/2/2020,34.96
6/3/2020,35.47
6/4/2020,34.85
6/5/2020,36.84
6/8/2020,38.89
6/9/2020,37.1
6/10/2020,37.46
6/11/2020,36.56
6/12/2020,35.06
6/15/2020,35.09
6/16/2020,36.75
6/17/2020,37.59
6/18/2020,37.7
6/19/2020,39.45
6/22/2020,38.96
6/23/2020,39.85
6/24/2020,38.17
6/25/2020,37.18
6/26/2020,37.99
6/29/2020,37.34
6/30/2020,38.22
7/1/2020,42.69
7/2/2020,42.93
7/3/2020,42.96
7/6/2020,43.57
7/7/2020,43.15
7/8/2020,43.44
7/9/2020,43.31
7/10/2020,43.47
7/13/2020,43.38
7/14/2020,43.02
7/15/2020,44.12
7/16/2020,43.8
7/17/2020,43.22
7/20/2020,43.03
7/21/2020,44.29
7/22/2020,44.24
7/23/2020,44.62
7/24/2020,43.38
7/27/2020,43.14
7/28/2020,43.4
7/29/2020,43.59
7/30/2020,42.99
7/31/2020,43.02
8/3/2020,44.02
8/4/2020,44.27
8/5/2020,45.34
8/6/2020,45.17
8/7/2020,44.87
8/10/2020,45.01
8/11/2020,45.21
8/12/2020,45.08
8/13/2020,45.34
8/14/2020,44.62
8/17/2020,44.94
8/18/2020,45.49
8/19/2020,45.19
8/20/2020,45.05
8/21/2020,44.92
8/24/2020,45.19
8/25/2020,45.87
8/26/2020,46.05
8/27/2020,45.81
8/28/2020,45.33
8/31/2020,46.27
9/1/2020,45.3
9/2/2020,45.02
9/3/2020,43.36
9/4/2020,43.42
9/7/2020,41.64
9/8/2020,40.29
9/9/2020,39.82
9/10/2020,39.83
9/11/2020,39.37
9/14/2020,38.96
9/15/2020,39.35
9/16/2020,41.29
9/17/2020,42.07
9/18/2020,42.98
9/21/2020,41.49
9/22/2020,41.32
9/23/2020,41.4
9/24/2020,41.22
9/25/2020,41.93
9/28/2020,41.61
9/29/2020,41.46
9/30/2020,40.65
10/1/2020,39.94
10/2/2020,38.09
10/5/2020,39.07
10/6/2020,40.33
10/7/2020,40.45
10/8/2020,41.06
10/9/2020,41.61
10/12/2020,40.57
10/13/2020,40.68
10/14/2020,41.2
10/15/2020,41.29
10/16/2020,41.37
10/19/2020,41.38
10/20/2020,41.04
10/21/2020,40.88
10/22/2020,40.91
10/23/2020,41.05
10/26/2020,39.22
10/27/2020,39.53
10/28/2020,38.42
10/29/2020,37.12
10/30/2020,36.5
11/2/2020,35.89
11/3/2020,38.44
11/4/2020,39.09
11/5/2020,39.79
11/6/2020,39.22
11/9/2020,39.97
11/10/2020,41.72
11/11/2020,43.42
11/12/2020,42.97
11/13/2020,42.05
11/16/2020,42.93
11/17/2020,42.76
11/18/2020,43.05
11/19/2020,43.12
11/20/2020,43.38
11/23/2020,44.75
11/24/2020,45.51
11/25/2020,46.91
11/26/2020,46.66
11/27/2020,46.79
11/30/2020,46.43
12/1/2020,46.73
12/2/2020,46.69
12/3/2020,47.46
12/4/2020,48.35
12/7/2020,47.77
12/8/2020,47.79
12/9/2020,48.31
12/10/2020,48.87
12/11/2020,49.58
12/14/2020,49.65
12/15/2020,49.61
12/16/2020,50.12
12/17/2020,50.78
12/18/2020,50.69
12/21/2020,49.57
12/22/2020,49.22
12/23/2020,49.46
12/24/2020,50.31
12/28/2020,50.1
12/29/2020,50.16
12/30/2020,50.22
12/31/2020,50.24
1/4/2021,51.35
1/5/2021,50.75
1/6/2021,53.29
1/7/2021,53.84
1/8/2021,54.39
1/11/2021,54.76
1/12/2021,55.41
1/13/2021,55.81
1/14/2021,55.19
1/15/2021,54.68
1/18/2021,53.92
1/19/2021,54.85
1/20/2021,55.75
1/21/2021,55.14
1/22/2021,54.69
1/25/2021,54.85
1/26/2021,54.87
1/27/2021,55.31
1/28/2021,54.36
1/29/2021,54.41
2/1/2021,55.14
2/2/2021,56.82
2/3/2021,57.74
2/4/2021,58.26
2/5/2021,58.94
2/8/2021,59.59
2/9/2021,60.3
2/10/2021,60.47
2/11/2021,60.55
2/12/2021,60.79
2/15/2021,62.61
2/16/2021,62.49
2/17/2021,63.06
2/18/2021,63.44
2/19/2021,61.32
2/22/2021,62.01
2/23/2021,63.73
2/24/2021,64
2/25/2021,65.42
2/26/2021,64.37
3/1/2021,64.21
3/2/2021,61.94
3/3/2021,62.12
3/4/2021,64.23
3/5/2021,67.03
3/8/2021,68.17
3/9/2021,66.38
3/10/2021,65.6
3/11/2021,67.39
3/12/2021,68.14
3/15/2021,68.18
3/16/2021,66.89
3/17/2021,66.76
3/18/2021,64.79
3/19/2021,62.47
3/22/2021,63.22
3/23/2021,62.27
3/24/2021,61.61
3/25/2021,61.63
3/26/2021,62.56
3/29/2021,62.86
3/30/2021,63.37
3/31/2021,63.07
4/1/2021,61.75
4/5/2021,61.68
4/6/2021,61.31
4/7/2021,60.67
4/8/2021,61.2
4/9/2021,61.12
4/12/2021,61.44
4/13/2021,61.85
4/14/2021,63.39
4/15/2021,64.48
4/16/2021,65.21
4/19/2021,65.1
4/20/2021,65.36
4/21/2021,64.02
4/22/2021,63.06
4/23/2021,63.63
4/26/2021,63.22
4/27/2021,63.91
4/28/2021,64.53
4/29/2021,65.71
4/30/2021,65.42
5/3/2021,65.09
5/4/2021,66.67
5/5/2021,68.2
5/6/2021,67.49
5/7/2021,66.57
5/10/2021,67.1
5/11/2021,66.39
5/12/2021,67.46
5/13/2021,66.78
5/14/2021,66.16
5/17/2021,67.52
5/18/2021,68.39
5/19/2021,65.95
5/20/2021,65.29
5/21/2021,64.18
5/24/2021,66.93
5/25/2021,67.41
5/26/2021,67.47
5/27/2021,67.32
5/28/2021,68.2
5/31/2021,68.53
6/1/2021,69.03
6/2/2021,69.39
6/3/2021,69.91
6/4/2021,70.23
6/7/2021,70.15
6/8/2021,69.83
6/9/2021,71.21
6/10/2021,70.9
6/11/2021,71.31
6/14/2021,71.99
6/15/2021,72.05
6/16/2021,73.16
6/17/2021,72.29
6/18/2021,71.56
6/21/2021,72.45
6/22/2021,73.13
6/23/2021,74.01
6/24/2021,74.09
6/25/2021,74.19
6/28/2021,73.84
6/29/2021,73.34
6/30/2021,73.6
7/1/2021,74.87
7/2/2021,75.21
7/5/2021,75.71
7/6/2021,75.94
7/7/2021,73.58
7/8/2021,71.97
7/9/2021,74.18
7/12/2021,74.33
7/13/2021,75.13
7/14/2021,75.29
7/15/2021,73.15
7/16/2021,72.84
7/19/2021,70.54
7/20/2021,70.5
7/21/2021,69.93
7/22/2021,72.09
7/23/2021,73.03
7/26/2021,72.68
7/27/2021,73.62
7/28/2021,73.57
7/29/2021,74.42
7/30/2021,74.98
8/2/2021,73.89
8/3/2021,72.71
8/4/2021,71.83
8/5/2021,70.34
8/6/2021,71.3
8/9/2021,70.66
8/10/2021,70.13
8/11/2021,70.52
8/12/2021,71.32
8/13/2021,70.9
8/16/2021,69.65
8/17/2021,69.4
8/18/2021,69.32
8/19/2021,66.08
8/20/2021,66.13
8/23/2021,67.33
8/24/2021,69.71
8/25/2021,70.59
8/26/2021,70.75
8/27/2021,71.48
8/30/2021,71.88
8/31/2021,71.43
9/1/2021,71.25
9/2/2021,71.63
9/3/2021,72.56
9/6/2021,71.29
9/7/2021,71.34
9/8/2021,71.17
9/9/2021,71.82
9/10/2021,71.98
9/13/2021,72.77
9/14/2021,73.29
9/15/2021,73.78
9/16/2021,74.17
9/17/2021,74.14
9/20/2021,73.47
9/21/2021,73.68
9/22/2021,74.46
9/23/2021,75.44
9/24/2021,76.21
9/27/2021,77.73
9/28/2021,78.37
9/29/2021,77.13
9/30/2021,77.72
10/1/2021,76.36
10/4/2021,78.26
10/5/2021,80.44
10/6/2021,80.63
10/7/2021,78.58
10/8/2021,81.54
10/11/2021,82.53
10/12/2021,82.37
10/13/2021,81.79
10/14/2021,82.5
10/15/2021,83.54
10/18/2021,84.04
10/19/2021,83.48
10/20/2021,83.3
10/21/2021,83.36
10/22/2021,83.4
10/25/2021,84.66
10/26/2021,84.52
10/27/2021,83.72
10/28/2021,82.41
10/29/2021,82.87
11/1/2021,82.55
11/2/2021,83.43
11/3/2021,81.64
11/4/2021,81.48
11/5/2021,80.16
11/8/2021,82.39
11/9/2021,82.7
11/10/2021,83.75
11/11/2021,81.99
11/12/2021,81.7
11/15/2021,80.9
11/16/2021,82.01
11/17/2021,81.1
11/18/2021,79.37
11/19/2021,80.32
11/22/2021,78.9
11/23/2021,79.4
11/24/2021,81.75
11/25/2021,81.31
11/26/2021,76.09
11/29/2021,74.2
11/30/2021,71.01
12/1/2021,71.67
12/2/2021,70.07
12/3/2021,71.65
12/6/2021,71.45
12/7/2021,74.65
12/8/2021,75.13
12/9/2021,75.41
12/10/2021,74.07
12/13/2021,75.04
12/14/2021,74.28
12/15/2021,73.12
12/16/2021,74.66
12/17/2021,74.23
12/20/2021,70.94
12/21/2021,72.18
12/22/2021,73.99
12/23/2021,75.16
12/24/2021,75.5
12/27/2021,75.63
12/28/2021,77.39
12/29/2021,78.17
12/30/2021,78.33
12/31/2021,77.97
1/3/2022,77.86
1/4/2022,78.78
1/5/2022,79.92
1/6/2022,80.65
1/7/2022,82
1/10/2022,81.6
1/11/2022,81.97
1/12/2022,84.19
1/13/2022,84.56
1/14/2022,85.3
1/17/2022,86.38
1/18/2022,87.93
1/19/2022,88.33
1/20/2022,88.39
1/21/2022,87.3
1/24/2022,87.83
1/25/2022,87.19
1/26/2022,89.18
1/27/2022,90.04
1/28/2022,89.97
1/31/2022,90.73
2/1/2022,90.22
2/2/2022,89.94
2/3/2022,89.73
2/4/2022,92.59
2/7/2022,93.18
2/8/2022,91.92
2/9/2022,91.59
2/10/2022,92.62
2/11/2022,92.61
2/14/2022,94.92
2/15/2022,94.48
2/16/2022,95.07
2/17/2022,93.78
2/18/2022,92.55
2/21/2022,94.04
2/22/2022,97.68
2/23/2022,95.84
2/24/2022,100.9
2/25/2022,96.41
2/28/2022,98.96
3/1/2022,103.7
3/2/2022,112
3/3/2022,116.8
3/4/2022,112.9
3/7/2022,126.3
3/8/2022,127.7
3/9/2022,128.2
3/10/2022,117
3/11/2022,113.1
3/14/2022,110.4
3/15/2022,102.6
3/16/2022,103.8
3/17/2022,104.7
3/18/2022,108.9
3/21/2022,113.6
3/22/2022,114.4
3/23/2022,116.7
3/24/2022,118.7
3/25/2022,115.9
3/28/2022,113.3
3/29/2022,110
3/30/2022,110.4
3/31/2022,107.7
4/1/2022,104.9
4/4/2022,106.2
4/5/2022,108
4/6/2022,106.1
4/7/2022,100.1
4/8/2022,101
4/11/2022,100
4/12/2022,102.4
4/13/2022,106
4/14/2022,108.5
4/18/2022,110.5
4/19/2022,110.5
4/20/2022,107.9
4/21/2022,108.8
4/22/2022,107.6
4/25/2022,101.9
4/26/2022,102.9
4/27/2022,105.3
4/28/2022,105.3
4/29/2022,107.9
5/2/2022,110
5/3/2022,109.7
5/4/2022,110.7
5/5/2022,112.9
5/6/2022,114.2
5/9/2022,112.3
5/10/2022,108
5/11/2022,108.9
5/12/2022,109.2
5/13/2022,112.2
5/16/2022,112.9
5/17/2022,117.1
5/18/2022,114.8
5/19/2022,111.9
5/20/2022,114.6
5/23/2022,115.9
5/24/2022,114.9
5/25/2022,115.8
5/26/2022,116.5
5/27/2022,118.8
5/30/2022,120
5/31/2022,122.9
6/1/2022,117
6/2/2022,114.6
6/3/2022,117.1
6/6/2022,119.8
6/7/2022,120.1
6/8/2022,121.5
6/9/2022,123.2
6/10/2022,123.1
6/13/2022,120.6
6/14/2022,123.7
6/15/2022,121
6/16/2022,119.2
6/17/2022,118.9
6/20/2022,113.3
6/21/2022,115.9
6/22/2022,111
6/23/2022,111
6/24/2022,112.3
6/27/2022,114.8
6/28/2022,117.5
6/29/2022,117.6
6/30/2022,115.6
7/1/2022,113.1
7/4/2022,115.2
7/5/2022,114.2
7/6/2022,106.6
7/7/2022,105.2
7/8/2022,109
7/11/2022,108.8
7/12/2022,106.8
7/13/2022,104.3
7/14/2022,102.6
7/15/2022,104.3
7/18/2022,108.7
7/19/2022,110.2
7/20/2022,109.8
7/21/2022,107.4
7/22/2022,107.6
7/25/2022,106.2
7/26/2022,109.3
7/27/2022,108
7/28/2022,110.7
7/29/2022,110.8
8/1/2022,106.8
8/2/2022,104.8
8/3/2022,104.1
8/4/2022,101.1
8/5/2022,100
8/8/2022,100.7
8/9/2022,100.9
8/10/2022,101.2
8/11/2022,103.2
8/12/2022,103.8
8/15/2022,100
8/16/2022,97.44
8/17/2022,95.73
8/18/2022,98.22
8/19/2022,99.66
8/22/2022,98.72
8/23/2022,101.9
8/24/2022,104
8/25/2022,104.6
8/26/2022,103.8
8/29/2022,104.8
8/30/2022,106.4
8/31/2022,101
9/1/2022,98.19
9/2/2022,99.13
9/5/2022,99.76
9/6/2022,98.95
9/7/2022,95.88
9/8/2022,92.59
9/9/2022,95.2
9/12/2022,97.42
9/13/2022,98.38
9/14/2022,97.57
9/15/2022,97.3
9/16/2022,95.7
9/19/2022,95.2
9/20/2022,96.55
9/21/2022,96.31
9/22/2022,95.51
9/23/2022,92.67
9/26/2022,89.5
9/27/2022,89.81
9/28/2022,90.27
9/29/2022,92.76
9/30/2022,92.34
10/3/2022,90.69
10/4/2022,92.14
10/5/2022,94.06
10/6/2022,95.81
10/7/2022,97.44
10/10/2022,99.13
10/11/2022,96.03
10/12/2022,95.12
10/13/2022,93.66
10/14/2022,94.17
10/17/2022,92.16
10/18/2022,90.82
10/19/2022,89.29
10/20/2022,92.48
10/21/2022,92.09
10/24/2022,92.17
10/25/2022,92.56
10/26/2022,93.32
10/27/2022,94.73
10/28/2022,95.01
10/31/2022,93.17
11/1/2022,94.4
11/2/2022,94.71
11/3/2022,93.49
11/4/2022,96.12
11/7/2022,97.29
11/8/2022,95.96
11/9/2022,93.19
11/10/2022,91.29
11/11/2022,94.81
11/14/2022,94.42
11/15/2022,91.16
11/16/2022,91.72
11/17/2022,90.52
11/18/2022,87.65
11/21/2022,84.18
11/22/2022,86.2
11/23/2022,85.19
11/24/2022,81.52
11/25/2022,83.8
11/28/2022,79.93
11/29/2022,83.42
11/30/2022,83.13
12/1/2022,84.28
12/2/2022,83.85
12/5/2022,83.04
12/6/2022,79.66
12/7/2022,77.01
12/8/2022,75.18
12/9/2022,74.66
12/12/2022,74.94
12/13/2022,78.34
12/14/2022,79.97
12/15/2022,80.47
12/16/2022,78.73
12/19/2022,78.11
12/20/2022,78.13
12/21/2022,79.36
12/22/2022,81.14
12/23/2022,80.58
12/27/2022,82.23
12/28/2022,81.96
12/29/2022,80.39
12/30/2022,81.29
1/3/2023,82.05
1/4/2023,76.88
1/5/2023,75.77
1/6/2023,76.15
1/9/2023,77.57
1/10/2023,77
1/11/2023,78.23
1/12/2023,80.73
1/13/2023,81.86
1/16/2023,82.25
1/17/2023,83.3
1/18/2023,84.62
1/19/2023,82.6
1/20/2023,84.9
1/23/2023,85.45
1/24/2023,84.89
1/25/2023,84.59
1/26/2023,84.47
1/27/2023,85.31
1/30/2023,83.45
1/31/2023,81.95
2/1/2023,82.87
2/2/2023,80.48
2/3/2023,79.42
2/6/2023,78.25
2/7/2023,80.55
2/8/2023,81.92
2/9/2023,82.84
2/10/2023,83.62
2/13/2023,84.23
2/14/2023,84.37
2/15/2023,82.95
2/16/2023,83.76
2/17/2023,81.73
2/20/2023,82.02
2/21/2023,81.94
2/22/2023,80.52
2/23/2023,80.53
2/24/2023,82.04
2/27/2023,81.64
2/28/2023,81.91
3/1/2023,82.59
3/2/2023,83.22
3/3/2023,83.82
3/6/2023,84.59
3/7/2023,84.37
3/8/2023,82.12
3/9/2023,82.05
3/10/2023,80.72
3/13/2023,81.88
3/14/2023,78.92
3/15/2023,76.22
3/16/2023,73.75
3/17/2023,74.11
3/20/2023,70.77
3/21/2023,73.96
3/22/2023,74.75
3/23/2023,75.88
3/24/2023,74.6
3/27/2023,75.01
3/28/2023,77.63
3/29/2023,77.72
3/30/2023,77.53
3/31/2023,78.12
4/3/2023,84.84
4/4/2023,85.5
4/5/2023,85.49
4/6/2023,85.18
4/10/2023,85.5
4/11/2023,85.42
4/12/2023,86.65
4/13/2023,87.77
4/14/2023,86.8
4/17/2023,86.43
4/18/2023,85.51
4/19/2023,84.41
4/20/2023,82.42
4/21/2023,81.86
4/24/2023,82.3
4/25/2023,82.95
4/26/2023,81.12
4/27/2023,78.4
4/28/2023,79.98
5/1/2023,80.1
5/2/2023,78.59
5/3/2023,73.79
5/4/2023,73.3
5/5/2023,74.31
5/8/2023,76.56
5/9/2023,76.32
5/10/2023,76.62
5/11/2023,76.71
5/12/2023,74.46
5/15/2023,74.45
5/16/2023,75.22
5/17/2023,74.6
5/18/2023,76.06
5/19/2023,75.71
5/22/2023,75.24
5/23/2023,75.96
5/24/2023,77.49
5/25/2023,76.94
5/26/2023,76.25
5/29/2023,76.88
5/30/2023,75.19
5/31/2023,73.07
6/1/2023,72.79
6/2/2023,73.33
6/5/2023,77.09
6/6/2023,75.46
6/7/2023,76.03
6/8/2023,76.55
6/9/2023,75.85
6/12/2023,72.96
6/13/2023,73.06
6/14/2023,74.84
6/15/2023,74.2
6/16/2023,75.89
6/19/2023,76.45
6/20/2023,76.85
6/21/2023,77.24
6/22/2023,76.83
6/23/2023,74.14
6/26/2023,74.65
6/27/2023,75.15
6/28/2023,74.38
6/29/2023,74.34
6/30/2023,76.14
7/3/2023,76.12
7/4/2023,76.18
7/5/2023,76.61
7/6/2023,77.56
7/7/2023,78.43
7/10/2023,79.09
7/11/2023,79.68
7/12/2023,80.64
7/13/2023,81.53
7/14/2023,82.06
7/17/2023,80.05
7/18/2023,80.33
7/19/2023,81.46
7/20/2023,81.28
7/21/2023,81.99
7/24/2023,83.19
7/25/2023,84.64
7/26/2023,84.82
7/27/2023,84.88
7/28/2023,85.37
7/31/2023,86.45
8/1/2023,86.63
8/2/2023,86.69
8/3/2023,85.5
8/4/2023,87.98
8/7/2023,88.25
8/8/2023,87.61
8/9/2023,88.2
8/10/2023,89.75
8/11/2023,88.97
8/14/2023,88.66
8/15/2023,87.82
8/16/2023,86.96
8/17/2023,86.17
8/18/2023,86.46
8/21/2023,87.58
8/22/2023,86.51
8/23/2023,85.84
8/24/2023,85.71
8/25/2023,86.89
8/28/2023,87.1
8/29/2023,87.09
8/30/2023,87.76
8/31/2023,88.44
9/1/2023,89.66
9/4/2023,91.27
9/5/2023,91.44
9/6/2023,92.3
9/7/2023,92.97
9/8/2023,92.84
9/11/2023,93.12
9/12/2023,94.09
9/13/2023,95.1
9/14/2023,95.7
9/15/2023,96.87
9/18/2023,96.93
9/19/2023,97
9/20/2023,95.82
9/21/2023,95.01
9/22/2023,95.73
9/25/2023,95.31
9/26/2023,94.47
9/27/2023,97.08
9/28/2023,97.48
9/29/2023,96.35
10/2/2023,95.02
10/3/2023,93.59
10/4/2023,92.38
10/5/2023,88.54
10/6/2023,87.33
10/9/2023,90.01
10/10/2023,90.8
10/11/2023,89.89
10/12/2023,89.43
10/13/2023,91.62
10/16/2023,93.23
10/17/2023,92.65
10/18/2023,94.46
10/19/2023,93.63
10/20/2023,95.72
10/23/2023,94.29
10/24/2023,91.29
10/25/2023,90.83
10/26/2023,91.68
10/27/2023,91.6
10/30/2023,91.1
10/31/2023,90.06
11/1/2023,88.54
11/2/2023,89.08
11/3/2023,89.78
11/6/2023,88.86
11/7/2023,86.5
11/8/2023,84.27
11/9/2023,83.22
11/10/2023,83.71
11/13/2023,84.08
11/14/2023,85.47
11/15/2023,84.82
11/16/2023,82.22
11/17/2023,81.08
11/20/2023,84.44
11/21/2023,84.75
11/22/2023,84.46
11/23/2023,83.78
